,cellid,modelname,state_sig,state_chan,MI,r,r_se,d,g,state_chan_alt
0,mgc015b-a1,psth.fs20-ld-st.fil0-ref-psthfr.s_stategain.S_jk.nf20-basic,st.fil0,baseline,,0.7491008951109702,0.010686864648629078,0.9770959615839313,0.9923153134336149,baseline
1,mgc015b-a1,psth.fs20-ld-st.fil0-ref-psthfr.s_stategain.S_jk.nf20-basic,st.fil0,ACTIVE_1,0.00011883442060919243,0.7491008951109702,0.010686864648629078,-0.014627755527848832,0.012263489787916434,ACTIVE_1
2,btn118a-b1,psth.fs20-ld-st.fil0-ref-psthfr.s_stategain.S_jk.nf20-basic,st.fil0,baseline,,0.9080948167715469,0.0061466031184443095,0.8048644995244112,1.0021045133704025,baseline
3,btn118a-b1,psth.fs20-ld-st.fil0-ref-psthfr.s_stategain.S_jk.nf20-basic,st.fil0,ACTIVE_0,2.0355819136272993e-05,0.9080948167715469,0.0061466031184443095,0.0027513048069765706,-0.003194008099447225,ACTIVE_0
4,btn112e-b1,psth.fs20-ld-st.fil0-ref-psthfr.s_stategain.S_jk.nf20-basic,st.fil0,baseline,,0.9048199324371009,0.006381340160521936,5.080504569626192,1.004409722115962,baseline
5,btn112e-b1,psth.fs20-ld-st.fil0-ref-psthfr.s_stategain.S_jk.nf20-basic,st.fil0,ACTIVE_1,4.377372291304407e-05,0.9048199324371009,0.006381340160521936,-0.015346186441614392,-0.007204074062108141,ACTIVE_1
6,btn109b-b1,psth.fs20-ld-st.fil0-ref-psthfr.s_stategain.S_jk.nf20-basic,st.fil0,baseline,,0.6217425335426923,0.011931765484087526,0.33385809234673064,0.9903620812660805,baseline
7,btn109b-b1,psth.fs20-ld-st.fil0-ref-psthfr.s_stategain.S_jk.nf20-basic,st.fil0,ACTIVE_1,0.0003767423155211485,0.6217425335426923,0.011931765484087526,0.007032007020349368,0.01599839039158812,ACTIVE_1
8,btn095b-b1,psth.fs20-ld-st.fil0-ref-psthfr.s_stategain.S_jk.nf20-basic,st.fil0,baseline,,0.8414197423252204,0.008302151419614406,0.7297316456799909,1.0092001679404878,baseline
9,btn095b-b1,psth.fs20-ld-st.fil0-ref-psthfr.s_stategain.S_jk.nf20-basic,st.fil0,ACTIVE_1,0.00018508900540524788,0.8414197423252204,0.008302151419614406,0.008626891588433638,-0.013462954861756068,ACTIVE_1
10,btn079d-b1,psth.fs20-ld-st.fil0-ref-psthfr.s_stategain.S_jk.nf20-basic,st.fil0,baseline,,0.27437963025947953,0.02061850477405752,0.8742504444026536,0.996881039545513,baseline
11,btn079d-b1,psth.fs20-ld-st.fil0-ref-psthfr.s_stategain.S_jk.nf20-basic,st.fil0,ACTIVE_1,0.00010646486700936695,0.27437963025947953,0.02061850477405752,0.011357139536763526,-0.005464911562303074,ACTIVE_1
12,btn079d-b1,psth.fs20-ld-st.fil0-ref-psthfr.s_stategain.S_jk.nf20-basic,st.fil0,PASSIVE_1,-0.00032574208470683493,0.27437963025947953,0.02061850477405752,0.01060206313187809,0.03529789010904081,PASSIVE_1
13,btn079d-b1,psth.fs20-ld-st.fil0-ref-psthfr.s_stategain.S_jk.nf20-basic,st.fil0,ACTIVE_2,-0.00039716998506359445,0.27437963025947953,0.02061850477405752,-0.007359922454654211,-0.007794580219266536,ACTIVE_2
14,btn075c-b1,psth.fs20-ld-st.fil0-ref-psthfr.s_stategain.S_jk.nf20-basic,st.fil0,baseline,,0.8197654222282316,0.012915180511829114,0.6134750350381781,0.9985192990612136,baseline
15,btn075c-b1,psth.fs20-ld-st.fil0-ref-psthfr.s_stategain.S_jk.nf20-basic,st.fil0,ACTIVE_1,-3.743670993764793e-05,0.8197654222282316,0.012915180511829114,0.011689241447322793,0.002153472586033525,ACTIVE_1
16,btn062c-a1,psth.fs20-ld-st.fil0-ref-psthfr.s_stategain.S_jk.nf20-basic,st.fil0,baseline,,0.6641925974232319,0.016912155391750935,0.36828280392710566,1.0449540860259874,baseline
17,btn062c-a1,psth.fs20-ld-st.fil0-ref-psthfr.s_stategain.S_jk.nf20-basic,st.fil0,ACTIVE_1,0.0006053566132040998,0.6641925974232319,0.016912155391750935,0.04085781768760838,-0.059138311968874,ACTIVE_1
18,btn060a-a1,psth.fs20-ld-st.fil0-ref-psthfr.s_stategain.S_jk.nf20-basic,st.fil0,baseline,,0.9296958009751858,0.005223186872187744,0.7273848308544376,0.9953043776711421,baseline
19,btn060a-a1,psth.fs20-ld-st.fil0-ref-psthfr.s_stategain.S_jk.nf20-basic,st.fil0,ACTIVE_0,-9.508357849033998e-05,0.9296958009751858,0.005223186872187744,-0.0238335905191324,0.006444128505532951,ACTIVE_0
20,btn054b-a1,psth.fs20-ld-st.fil0-ref-psthfr.s_stategain.S_jk.nf20-basic,st.fil0,baseline,,0.8708993347841743,0.009185182070316057,0.6687053144131915,0.9975213347712047,baseline
21,btn054b-a1,psth.fs20-ld-st.fil0-ref-psthfr.s_stategain.S_jk.nf20-basic,st.fil0,ACTIVE_1,-0.00024066847297593604,0.8708993347841743,0.009185182070316057,-0.012413011324148066,0.0037378637250870344,ACTIVE_1
22,btn019c-a1,psth.fs20-ld-st.fil0-ref-psthfr.s_stategain.S_jk.nf20-basic,st.fil0,baseline,,0.9536523128152451,0.0039302195129323906,0.7109506928836111,0.9979982323007646,baseline
23,btn019c-a1,psth.fs20-ld-st.fil0-ref-psthfr.s_stategain.S_jk.nf20-basic,st.fil0,PASSIVE_1,-3.04283162789298e-05,0.9536523128152451,0.0039302195129323906,-0.001505849351508425,0.003155086250831282,PASSIVE_1
24,btn123a-a1,psth.fs20-ld-st.fil0-ref-psthfr.s_stategain.S_jk.nf20-basic,st.fil0,baseline,,0.8257820491921743,0.01004533950687588,0.465913490511483,0.9986487978819039,baseline
25,btn123a-a1,psth.fs20-ld-st.fil0-ref-psthfr.s_stategain.S_jk.nf20-basic,st.fil0,ACTIVE_0,0.0003347381165760417,0.8257820491921743,0.01004533950687588,-0.00314091778592331,0.0020624682250213323,ACTIVE_0
26,mgc055a-a1,psth.fs20-ld-st.fil0-ref-psthfr.s_stategain.S_jk.nf20-basic,st.fil0,baseline,,0.4372772447910897,0.028011323022405474,0.4272347062481311,1.041664151601569,baseline
27,mgc055a-a1,psth.fs20-ld-st.fil0-ref-psthfr.s_stategain.S_jk.nf20-basic,st.fil0,PASSIVE_1,0.0008053039399185157,0.4372772447910897,0.028011323022405474,0.010849126114416805,-0.058170379290842913,PASSIVE_1
28,mgc052e-b1,psth.fs20-ld-st.fil0-ref-psthfr.s_stategain.S_jk.nf20-basic,st.fil0,baseline,,0.9229496026295474,0.012134488462060115,1.5479862235361075,1.007689891579523,baseline
29,mgc052e-b1,psth.fs20-ld-st.fil0-ref-psthfr.s_stategain.S_jk.nf20-basic,st.fil0,PASSIVE_1,-0.012118619875900773,0.9229496026295474,0.012134488462060115,0.008379537968939152,-0.011815897398767075,PASSIVE_1
30,mgc050b-b1,psth.fs20-ld-st.fil0-ref-psthfr.s_stategain.S_jk.nf20-basic,st.fil0,baseline,,0.8967190517147301,0.006980434206595829,0.8720467170365254,1.003251989369134,baseline
31,mgc050b-b1,psth.fs20-ld-st.fil0-ref-psthfr.s_stategain.S_jk.nf20-basic,st.fil0,ACTIVE_1,0.00018045073714719823,0.8967190517147301,0.006980434206595829,-0.0033728815759684902,-0.005084321035133696,ACTIVE_1
32,mgc049e-b1,psth.fs20-ld-st.fil0-ref-psthfr.s_stategain.S_jk.nf20-basic,st.fil0,baseline,,0.8527705551389714,0.00548533515135192,0.17318324983960584,0.981842010643381,baseline
33,mgc049e-b1,psth.fs20-ld-st.fil0-ref-psthfr.s_stategain.S_jk.nf20-basic,st.fil0,ACTIVE_1,0.0010915605431029956,0.8527705551389714,0.00548533515135192,-0.016123294494490445,0.030635287585594168,ACTIVE_1
34,mgc038a-b1,psth.fs20-ld-st.fil0-ref-psthfr.s_stategain.S_jk.nf20-basic,st.fil0,baseline,,0.48308110275441196,0.027364763025234697,1.5402381917339978,1.0541313972612616,baseline
35,mgc038a-b1,psth.fs20-ld-st.fil0-ref-psthfr.s_stategain.S_jk.nf20-basic,st.fil0,ACTIVE_0,0.00015883077837190311,0.48308110275441196,0.027364763025234697,-0.051275906944492876,-0.09145047122121165,ACTIVE_0
36,mgc037b-a1,psth.fs20-ld-st.fil0-ref-psthfr.s_stategain.S_jk.nf20-basic,st.fil0,baseline,,0.9109009213812088,0.00422324803811614,0.28859164280477345,0.9954125440963887,baseline
37,mgc037b-a1,psth.fs20-ld-st.fil0-ref-psthfr.s_stategain.S_jk.nf20-basic,st.fil0,PASSIVE_1,2.886987053278477e-05,0.9109009213812088,0.00422324803811614,0.0047538520594534745,0.007736358513056156,PASSIVE_1
38,mgc031d-b1,psth.fs20-ld-st.fil0-ref-psthfr.s_stategain.S_jk.nf20-basic,st.fil0,baseline,,0.43656583207051786,0.034567235517227284,2.261871429894942,1.0210059575386503,baseline
39,mgc031d-b1,psth.fs20-ld-st.fil0-ref-psthfr.s_stategain.S_jk.nf20-basic,st.fil0,ACTIVE_1,-0.014095074370968071,0.43656583207051786,0.034567235517227284,0.007483492430031814,-0.03423682305948171,ACTIVE_1
40,mgc028b-b1,psth.fs20-ld-st.fil0-ref-psthfr.s_stategain.S_jk.nf20-basic,st.fil0,baseline,,0.8772718063104845,0.011507974965384605,0.9910380111159572,0.9943781119593504,baseline
41,mgc028b-b1,psth.fs20-ld-st.fil0-ref-psthfr.s_stategain.S_jk.nf20-basic,st.fil0,ACTIVE_0,-0.0002498653280540141,0.8772718063104845,0.011507974965384605,0.011311048150144274,0.009244101917771277,ACTIVE_0
42,mgc016e-b1,psth.fs20-ld-st.fil0-ref-psthfr.s_stategain.S_jk.nf20-basic,st.fil0,baseline,,0.8478292996839876,0.014654742095814058,1.7153000753555585,1.009956541047633,baseline
43,mgc016e-b1,psth.fs20-ld-st.fil0-ref-psthfr.s_stategain.S_jk.nf20-basic,st.fil0,PASSIVE_1,-0.005406393595405149,0.8478292996839876,0.014654742095814058,-0.010570354039289619,-0.017988678763184305,PASSIVE_1
44,mgc016d-b1,psth.fs20-ld-st.fil0-ref-psthfr.s_stategain.S_jk.nf20-basic,st.fil0,baseline,,0.44794738075985474,0.022291498743396764,2.198735230175527,0.9477912666970149,baseline
45,mgc016d-b1,psth.fs20-ld-st.fil0-ref-psthfr.s_stategain.S_jk.nf20-basic,st.fil0,ACTIVE_1,0.000290855554923697,0.44794738075985474,0.022291498743396764,0.010152906912089565,0.0828022055405261,ACTIVE_1
46,mgc015a-a1,psth.fs20-ld-st.fil0-ref-psthfr.s_stategain.S_jk.nf20-basic,st.fil0,baseline,,0.8569893226628105,0.007282755991244215,0.22605738036707743,0.9950147118219667,baseline
47,mgc015a-a1,psth.fs20-ld-st.fil0-ref-psthfr.s_stategain.S_jk.nf20-basic,st.fil0,ACTIVE_1,5.715287666259637e-05,0.8569893226628105,0.007282755991244215,-0.0031248929121232166,0.008226236678012292,ACTIVE_1
48,mgc013a-a1,psth.fs20-ld-st.fil0-ref-psthfr.s_stategain.S_jk.nf20-basic,st.fil0,baseline,,0.617262379161317,0.012780828488501449,1.123181994939886,0.9764772971183419,baseline
49,mgc013a-a1,psth.fs20-ld-st.fil0-ref-psthfr.s_stategain.S_jk.nf20-basic,st.fil0,PASSIVE_1,-9.898117967703133e-05,0.617262379161317,0.012780828488501449,0.01570210680147647,0.03589332295379659,PASSIVE_1
50,mgc008b-b1,psth.fs20-ld-st.fil0-ref-psthfr.s_stategain.S_jk.nf20-basic,st.fil0,baseline,,0.3389313638281764,0.04520495790936914,1.868560021353138,1.003189232689634,baseline
51,mgc008b-b1,psth.fs20-ld-st.fil0-ref-psthfr.s_stategain.S_jk.nf20-basic,st.fil0,PASSIVE_1,,0.3389313638281764,0.04520495790936914,-0.003439515496768279,0.02312919158072781,PASSIVE_1
52,mgc001c-a1,psth.fs20-ld-st.fil0-ref-psthfr.s_stategain.S_jk.nf20-basic,st.fil0,baseline,,0.8609624356657216,0.01059456361183802,1.353198758831854,1.0326720078618439,baseline
53,mgc001c-a1,psth.fs20-ld-st.fil0-ref-psthfr.s_stategain.S_jk.nf20-basic,st.fil0,ACTIVE_1,,0.8609624356657216,0.01059456361183802,-0.00863168990295515,-0.0013797610145601196,ACTIVE_1
54,btn143b-a1,psth.fs20-ld-st.fil0-ref-psthfr.s_stategain.S_jk.nf20-basic,st.fil0,baseline,,0.6285000708348051,0.016625432423591602,1.54248292345637,0.9675389617620457,baseline
55,btn143b-a1,psth.fs20-ld-st.fil0-ref-psthfr.s_stategain.S_jk.nf20-basic,st.fil0,ACTIVE_1,-0.009701436882578723,0.6285000708348051,0.016625432423591602,-0.0026664793556272805,0.042053758425404104,ACTIVE_1
56,btn142b-a1,psth.fs20-ld-st.fil0-ref-psthfr.s_stategain.S_jk.nf20-basic,st.fil0,baseline,,0.9548153315816382,0.0036210337288136727,0.5053513379469563,1.0016324573737516,baseline
57,btn142b-a1,psth.fs20-ld-st.fil0-ref-psthfr.s_stategain.S_jk.nf20-basic,st.fil0,ACTIVE_1,-0.0013207677230759186,0.9548153315816382,0.0036210337288136727,-0.016968825120280962,-0.0021966583396649817,ACTIVE_1
58,btn139c-a1,psth.fs20-ld-st.fil0-ref-psthfr.s_stategain.S_jk.nf20-basic,st.fil0,baseline,,0.8273518366176686,0.01395740318532822,0.8528336891944261,0.97766161433821,baseline
59,btn139c-a1,psth.fs20-ld-st.fil0-ref-psthfr.s_stategain.S_jk.nf20-basic,st.fil0,ACTIVE_1,0.0005504839151422294,0.8273518366176686,0.01395740318532822,-0.026812778996026066,0.03603419588801487,ACTIVE_1
60,btn134a-a1,psth.fs20-ld-st.fil0-ref-psthfr.s_stategain.S_jk.nf20-basic,st.fil0,baseline,,0.8456631803257938,0.011315017849074623,0.7576853437446037,0.9918091770704305,baseline
61,btn134a-a1,psth.fs20-ld-st.fil0-ref-psthfr.s_stategain.S_jk.nf20-basic,st.fil0,ACTIVE_1,-0.005296879380842958,0.8456631803257938,0.011315017849074623,-0.013990955381354378,0.012133629584759487,ACTIVE_1
62,btn131a-a1,psth.fs20-ld-st.fil0-ref-psthfr.s_stategain.S_jk.nf20-basic,st.fil0,baseline,,0.8064913467624224,0.011906758420079645,0.34735533825474196,0.9888565251647039,baseline
63,btn131a-a1,psth.fs20-ld-st.fil0-ref-psthfr.s_stategain.S_jk.nf20-basic,st.fil0,ACTIVE_1,-0.0006344757933134837,0.8064913467624224,0.011906758420079645,-0.016999691692604606,0.015942361443371605,ACTIVE_1
64,btn123b-a1,psth.fs20-ld-st.fil0-ref-psthfr.s_stategain.S_jk.nf20-basic,st.fil0,baseline,,0.807724415572989,0.009579571440683015,0.9189130441784277,0.9829723870476726,baseline
65,btn123b-a1,psth.fs20-ld-st.fil0-ref-psthfr.s_stategain.S_jk.nf20-basic,st.fil0,ACTIVE_1,-5.379760038848149e-05,0.807724415572989,0.009579571440683015,-0.025150683694794777,0.02572910774705774,ACTIVE_1
66,btn120b-b1,psth.fs20-ld-st.fil0-ref-psthfr.s_stategain.S_jk.nf20-basic,st.fil0,baseline,,0.7550880816264998,0.025857845680777494,0.6038239826733107,1.0718806040531874,baseline
67,btn120b-b1,psth.fs20-ld-st.fil0-ref-psthfr.s_stategain.S_jk.nf20-basic,st.fil0,ACTIVE_1,0.002932423670837452,0.7550880816264998,0.025857845680777494,0.040545153256103535,-0.0871029618489325,ACTIVE_1
68,btn120a-b1,psth.fs20-ld-st.fil0-ref-psthfr.s_stategain.S_jk.nf20-basic,st.fil0,baseline,,0.9563698571843359,0.004112016533036612,1.7953981907306589,1.000975742301502,baseline
69,btn120a-b1,psth.fs20-ld-st.fil0-ref-psthfr.s_stategain.S_jk.nf20-basic,st.fil0,ACTIVE_1,-1.42479186772102e-05,0.9563698571843359,0.004112016533036612,-0.018201792139322125,-0.001476901827679756,ACTIVE_1
70,btn119b-b1,psth.fs20-ld-st.fil0-ref-psthfr.s_stategain.S_jk.nf20-basic,st.fil0,baseline,,0.8031349420621176,0.01848377454622458,0.8967655634854831,1.0121233310232105,baseline
71,btn119b-b1,psth.fs20-ld-st.fil0-ref-psthfr.s_stategain.S_jk.nf20-basic,st.fil0,ACTIVE_1,-0.00023874879741907633,0.8031349420621176,0.01848377454622458,0.008527001762016147,-0.017225555789950178,ACTIVE_1
72,btn119a-b1,psth.fs20-ld-st.fil0-ref-psthfr.s_stategain.S_jk.nf20-basic,st.fil0,baseline,,0.8088499097812276,0.011165401162084825,0.9294815702626138,1.0041919021855368,baseline
73,btn119a-b1,psth.fs20-ld-st.fil0-ref-psthfr.s_stategain.S_jk.nf20-basic,st.fil0,ACTIVE_1,1.7222573578349756e-05,0.8088499097812276,0.011165401162084825,-0.007549539146665511,-0.0067720089802995,ACTIVE_1
74,btn117f-a1,psth.fs20-ld-st.fil0-ref-psthfr.s_stategain.S_jk.nf20-basic,st.fil0,baseline,,0.7848325788180601,0.009999595976325496,0.6840570201302936,1.0052232995993737,baseline
75,btn117f-a1,psth.fs20-ld-st.fil0-ref-psthfr.s_stategain.S_jk.nf20-basic,st.fil0,ACTIVE_0,2.1109429211619568e-05,0.7848325788180601,0.009999595976325496,0.018655888046439313,-0.007835522953537453,ACTIVE_0
76,btn116a-b1,psth.fs20-ld-st.fil0-ref-psthfr.s_stategain.S_jk.nf20-basic,st.fil0,baseline,,0.91909800803615,0.0046629263845789914,0.29684168112470827,0.9832069058801857,baseline
77,btn116a-b1,psth.fs20-ld-st.fil0-ref-psthfr.s_stategain.S_jk.nf20-basic,st.fil0,ACTIVE_0,0.0001728260696757567,0.91909800803615,0.0046629263845789914,-0.015232557794728615,0.025750924186876866,ACTIVE_0
78,btn114d-b1,psth.fs20-ld-st.fil0-ref-psthfr.s_stategain.S_jk.nf20-basic,st.fil0,baseline,,0.7709581272657128,0.012606637239090243,0.6369824828101349,1.0062077520926855,baseline
79,btn114d-b1,psth.fs20-ld-st.fil0-ref-psthfr.s_stategain.S_jk.nf20-basic,st.fil0,ACTIVE_1,-0.00022983857786145184,0.7709581272657128,0.012606637239090243,-0.0004796721353761784,-0.009109870847537846,ACTIVE_1
80,btn114b-b1,psth.fs20-ld-st.fil0-ref-psthfr.s_stategain.S_jk.nf20-basic,st.fil0,baseline,,0.7574730332678044,0.012605891045727296,0.5463513653309674,1.0128269775765713,baseline
81,btn114b-b1,psth.fs20-ld-st.fil0-ref-psthfr.s_stategain.S_jk.nf20-basic,st.fil0,ACTIVE_1,9.656982255337306e-05,0.7574730332678044,0.012605891045727296,0.004776066087422299,-0.019637970779554433,ACTIVE_1
82,btn112d-b1,psth.fs20-ld-st.fil0-ref-psthfr.s_stategain.S_jk.nf20-basic,st.fil0,baseline,,0.7850953823925804,0.008186418574909295,2.090224755963281,0.9935865951723091,baseline
83,btn112d-b1,psth.fs20-ld-st.fil0-ref-psthfr.s_stategain.S_jk.nf20-basic,st.fil0,ACTIVE_1,0.0002854649086441264,0.7850953823925804,0.008186418574909295,0.0020705530309157935,0.009498398554340193,ACTIVE_1
84,btn111b-b1,psth.fs20-ld-st.fil0-ref-psthfr.s_stategain.S_jk.nf20-basic,st.fil0,baseline,,0.6053531262350972,0.019128346014828847,0.26229358198496266,1.0007820495008344,baseline
85,btn111b-b1,psth.fs20-ld-st.fil0-ref-psthfr.s_stategain.S_jk.nf20-basic,st.fil0,ACTIVE_1,-0.0007963563126022037,0.6053531262350972,0.019128346014828847,0.002357877156670137,-0.0011179700139573635,ACTIVE_1
86,btn109c-a1,psth.fs20-ld-st.fil0-ref-psthfr.s_stategain.S_jk.nf20-basic,st.fil0,baseline,,0.2614904257259814,0.03660252042165019,0.902227923893512,1.0028048019454725,baseline
87,btn109c-a1,psth.fs20-ld-st.fil0-ref-psthfr.s_stategain.S_jk.nf20-basic,st.fil0,ACTIVE_1,0.0007843488772029325,0.2614904257259814,0.03660252042165019,-0.004129222880386481,-0.0053102426213831756,ACTIVE_1
88,btn105c-a1,psth.fs20-ld-st.fil0-ref-psthfr.s_stategain.S_jk.nf20-basic,st.fil0,baseline,,0.766040729074064,0.014946089534195546,0.63370334382216,0.9561109897289558,baseline
89,btn105c-a1,psth.fs20-ld-st.fil0-ref-psthfr.s_stategain.S_jk.nf20-basic,st.fil0,ACTIVE_1,-0.00016445244382704295,0.766040729074064,0.014946089534195546,0.005973357898663394,0.056933691896319395,ACTIVE_1
90,btn105a-a1,psth.fs20-ld-st.fil0-ref-psthfr.s_stategain.S_jk.nf20-basic,st.fil0,baseline,,0.5511466604953332,0.026670214648974885,1.0011652533380886,0.9744823349128646,baseline
91,btn105a-a1,psth.fs20-ld-st.fil0-ref-psthfr.s_stategain.S_jk.nf20-basic,st.fil0,ACTIVE_1,-0.00033573012279191613,0.5511466604953332,0.026670214648974885,0.0031734953440904863,0.03836847849899021,ACTIVE_1
92,btn104e-a1,psth.fs20-ld-st.fil0-ref-psthfr.s_stategain.S_jk.nf20-basic,st.fil0,baseline,,0.9057009269114376,0.004693952925460288,0.19258619948411196,0.9951340043552349,baseline
93,btn104e-a1,psth.fs20-ld-st.fil0-ref-psthfr.s_stategain.S_jk.nf20-basic,st.fil0,ACTIVE_1,-0.0007253447610428291,0.9057009269114376,0.004693952925460288,-0.01086532969293671,0.007701259126570152,ACTIVE_1
94,btn097a-a1,psth.fs20-ld-st.fil0-ref-psthfr.s_stategain.S_jk.nf20-basic,st.fil0,baseline,,0.6236475166209187,0.0193769319447744,0.658066969889788,1.007672382458963,baseline
95,btn097a-a1,psth.fs20-ld-st.fil0-ref-psthfr.s_stategain.S_jk.nf20-basic,st.fil0,ACTIVE_1,-0.00023876061951029568,0.6236475166209187,0.0193769319447744,0.006497773714380898,-0.012089723392583011,ACTIVE_1
96,btn088b-a1,psth.fs20-ld-st.fil0-ref-psthfr.s_stategain.S_jk.nf20-basic,st.fil0,baseline,,0.6568733382683094,0.011956458518018402,1.2583636719908928,1.0117447797109869,baseline
97,btn088b-a1,psth.fs20-ld-st.fil0-ref-psthfr.s_stategain.S_jk.nf20-basic,st.fil0,ACTIVE_1,7.09920282378764e-05,0.6568733382683094,0.011956458518018402,-0.008511071155138036,-0.020471104908931028,ACTIVE_1
98,btn086c-a1,psth.fs20-ld-st.fil0-ref-psthfr.s_stategain.S_jk.nf20-basic,st.fil0,baseline,,0.9458532921973444,0.0039001107078486643,0.5371557642151116,1.000600837400356,baseline
99,btn086c-a1,psth.fs20-ld-st.fil0-ref-psthfr.s_stategain.S_jk.nf20-basic,st.fil0,ACTIVE_1,0.0001591475363341085,0.9458532921973444,0.0039001107078486643,-0.0030000843512684454,-0.0008783260394495511,ACTIVE_1
100,btn079e-b1,psth.fs20-ld-st.fil0-ref-psthfr.s_stategain.S_jk.nf20-basic,st.fil0,baseline,,0.9117339546750071,0.007960862269244702,0.08782889682785958,0.999641351003677,baseline
101,btn079e-b1,psth.fs20-ld-st.fil0-ref-psthfr.s_stategain.S_jk.nf20-basic,st.fil0,ACTIVE_1,-0.0035572131175054984,0.9117339546750071,0.007960862269244702,-0.0033132562098437137,0.0005615294232716664,ACTIVE_1
102,btn077a-a1,psth.fs20-ld-st.fil0-ref-psthfr.s_stategain.S_jk.nf20-basic,st.fil0,baseline,,0.6217407470529571,0.018990280500014278,0.544429083847239,0.9783897623192768,baseline
103,btn077a-a1,psth.fs20-ld-st.fil0-ref-psthfr.s_stategain.S_jk.nf20-basic,st.fil0,ACTIVE_1,0.00013477987527649277,0.6217407470529571,0.018990280500014278,-0.0015129289254957913,0.031495719100730256,ACTIVE_1
104,btn075a-b1,psth.fs20-ld-st.fil0-ref-psthfr.s_stategain.S_jk.nf20-basic,st.fil0,baseline,,0.5562034176681026,0.02194607464777384,1.604347913997539,0.9738907131207117,baseline
105,btn075a-b1,psth.fs20-ld-st.fil0-ref-psthfr.s_stategain.S_jk.nf20-basic,st.fil0,ACTIVE_1,-0.0008629605045055042,0.5562034176681026,0.02194607464777384,-0.004466950091935696,0.0396260355675935,ACTIVE_1
106,btn074e-b1,psth.fs20-ld-st.fil0-ref-psthfr.s_stategain.S_jk.nf20-basic,st.fil0,baseline,,0.9677149813151533,0.003611713112468973,0.6142658366158449,0.9925808618695809,baseline
107,btn074e-b1,psth.fs20-ld-st.fil0-ref-psthfr.s_stategain.S_jk.nf20-basic,st.fil0,ACTIVE_0,0.00013259850911173348,0.9677149813151533,0.003611713112468973,-0.01107201278922611,0.009856305021545206,ACTIVE_0
108,btn073c-a1,psth.fs20-ld-st.fil0-ref-psthfr.s_stategain.S_jk.nf20-basic,st.fil0,baseline,,0.5896928625030763,0.023139461400631223,1.3240545775399604,0.965747172537867,baseline
109,btn073c-a1,psth.fs20-ld-st.fil0-ref-psthfr.s_stategain.S_jk.nf20-basic,st.fil0,ACTIVE_1,0.0006865411698832211,0.5896928625030763,0.023139461400631223,-0.036184155823115974,0.04272201885123263,ACTIVE_1
110,btn073b-b1,psth.fs20-ld-st.fil0-ref-psthfr.s_stategain.S_jk.nf20-basic,st.fil0,baseline,,0.4898313547571581,0.026832955396283154,0.44042924843270226,1.0342490222611413,baseline
111,btn073b-b1,psth.fs20-ld-st.fil0-ref-psthfr.s_stategain.S_jk.nf20-basic,st.fil0,ACTIVE_1,7.90305564877477e-05,0.4898313547571581,0.026832955396283154,0.003025953404075936,-0.04379629572501013,ACTIVE_1
112,btn073a-a1,psth.fs20-ld-st.fil0-ref-psthfr.s_stategain.S_jk.nf20-basic,st.fil0,baseline,,0.8252516068389353,0.005773339150879437,0.98887435396225,1.0047552769836092,baseline
113,btn073a-a1,psth.fs20-ld-st.fil0-ref-psthfr.s_stategain.S_jk.nf20-basic,st.fil0,ACTIVE_1,2.0829360009386228e-05,0.8252516068389353,0.005773339150879437,0.01588221802834041,-0.005979911958004945,ACTIVE_1
114,btn072d-a1,psth.fs20-ld-st.fil0-ref-psthfr.s_stategain.S_jk.nf20-basic,st.fil0,baseline,,0.8510699411713295,0.00876444562748624,2.341779284145355,0.9903446399172744,baseline
115,btn072d-a1,psth.fs20-ld-st.fil0-ref-psthfr.s_stategain.S_jk.nf20-basic,st.fil0,ACTIVE_1,5.4968727418887135e-05,0.8510699411713295,0.00876444562748624,0.01895460465116364,0.013795718683491892,ACTIVE_1
116,btn071c-a1,psth.fs20-ld-st.fil0-ref-psthfr.s_stategain.S_jk.nf20-basic,st.fil0,baseline,,0.44719425318350614,0.02915237819350638,1.4263731622689497,1.0733229600391971,baseline
117,btn071c-a1,psth.fs20-ld-st.fil0-ref-psthfr.s_stategain.S_jk.nf20-basic,st.fil0,ACTIVE_0,0.0003601870159671972,0.44719425318350614,0.02915237819350638,-0.006674768645218913,-0.09945065081623805,ACTIVE_0
118,btn070a-b1,psth.fs20-ld-st.fil0-ref-psthfr.s_stategain.S_jk.nf20-basic,st.fil0,baseline,,0.3945544752249251,0.022434142289151346,0.755155296923275,1.0126303214499712,baseline
119,btn070a-b1,psth.fs20-ld-st.fil0-ref-psthfr.s_stategain.S_jk.nf20-basic,st.fil0,ACTIVE_1,-0.00021496225850784959,0.3945544752249251,0.022434142289151346,-0.01304357727672376,-0.018316008578584873,ACTIVE_1
120,btn069b-a1,psth.fs20-ld-st.fil0-ref-psthfr.s_stategain.S_jk.nf20-basic,st.fil0,baseline,,0.8575694661415625,0.006549146014911164,0.2898764384929297,1.0325861076425749,baseline
121,btn069b-a1,psth.fs20-ld-st.fil0-ref-psthfr.s_stategain.S_jk.nf20-basic,st.fil0,ACTIVE_1,0.0001089048033020688,0.8575694661415625,0.006549146014911164,0.014338134639489884,-0.04158993861059883,ACTIVE_1
122,btn062a-a1,psth.fs20-ld-st.fil0-ref-psthfr.s_stategain.S_jk.nf20-basic,st.fil0,baseline,,0.7020280574630967,0.027035721892631228,2.3472876164466276,1.0173190581190499,baseline
123,btn062a-a1,psth.fs20-ld-st.fil0-ref-psthfr.s_stategain.S_jk.nf20-basic,st.fil0,ACTIVE_0,0.0056544422614476075,0.7020280574630967,0.027035721892631228,0.07715256791406844,-0.020897909722303248,ACTIVE_0
124,btn059b-a1,psth.fs20-ld-st.fil0-ref-psthfr.s_stategain.S_jk.nf20-basic,st.fil0,baseline,,0.6400909332400007,0.021079929394723407,1.9860727062512908,0.9664095292940502,baseline
125,btn059b-a1,psth.fs20-ld-st.fil0-ref-psthfr.s_stategain.S_jk.nf20-basic,st.fil0,ACTIVE_1,0.00020572880736249708,0.6400909332400007,0.021079929394723407,0.012480601028983773,0.04681061374684798,ACTIVE_1
126,btn044d-b1,psth.fs20-ld-st.fil0-ref-psthfr.s_stategain.S_jk.nf20-basic,st.fil0,baseline,,0.5127619329308726,0.019800536132333006,1.67661406586479,0.9401800081664122,baseline
127,btn044d-b1,psth.fs20-ld-st.fil0-ref-psthfr.s_stategain.S_jk.nf20-basic,st.fil0,ACTIVE_1,0.00027793995578731577,0.5127619329308726,0.019800536132333006,0.02493440588424855,0.08861178660018193,ACTIVE_1
128,btn030a-b1,psth.fs20-ld-st.fil0-ref-psthfr.s_stategain.S_jk.nf20-basic,st.fil0,baseline,,0.8373195854310371,0.010730409661596914,1.2282836340601355,0.9882775688485443,baseline
129,btn030a-b1,psth.fs20-ld-st.fil0-ref-psthfr.s_stategain.S_jk.nf20-basic,st.fil0,ACTIVE_1,-7.340138257239931e-05,0.8373195854310371,0.010730409661596914,-0.0010488985461782159,0.01774586403670006,ACTIVE_1
130,btn029a-b1,psth.fs20-ld-st.fil0-ref-psthfr.s_stategain.S_jk.nf20-basic,st.fil0,baseline,,0.9131165829313567,0.0042338287088562795,1.2398127851819458,1.002684357694627,baseline
131,btn029a-b1,psth.fs20-ld-st.fil0-ref-psthfr.s_stategain.S_jk.nf20-basic,st.fil0,ACTIVE_1,-4.9460147169230616e-05,0.9131165829313567,0.0042338287088562795,0.008716566932961817,-0.004534291586328451,ACTIVE_1
132,btn015g-a1,psth.fs20-ld-st.fil0-ref-psthfr.s_stategain.S_jk.nf20-basic,st.fil0,baseline,,0.24876805121681977,0.031158373957639176,0.7801059556711085,0.9714643314177425,baseline
133,btn015g-a1,psth.fs20-ld-st.fil0-ref-psthfr.s_stategain.S_jk.nf20-basic,st.fil0,PASSIVE_1,-0.0014778787364651568,0.24876805121681977,0.031158373957639176,0.017116744053728084,0.04440975692243669,PASSIVE_1
134,btn015d-b1,psth.fs20-ld-st.fil0-ref-psthfr.s_stategain.S_jk.nf20-basic,st.fil0,baseline,,0.8074388661589456,0.01114947819739887,0.19130600144514343,1.0035234634957249,baseline
135,btn015d-b1,psth.fs20-ld-st.fil0-ref-psthfr.s_stategain.S_jk.nf20-basic,st.fil0,ACTIVE_1,-0.00021113104805806893,0.8074388661589456,0.01114947819739887,-0.001954809903950214,-0.0055108396416717895,ACTIVE_1
136,btn014b-a1,psth.fs20-ld-st.fil0-ref-psthfr.s_stategain.S_jk.nf20-basic,st.fil0,baseline,,0.6420255253397688,0.015473585419349775,3.727084662480636,1.0119940196972916,baseline
137,btn014b-a1,psth.fs20-ld-st.fil0-ref-psthfr.s_stategain.S_jk.nf20-basic,st.fil0,ACTIVE_1,-5.6196401733008156e-05,0.6420255253397688,0.015473585419349775,-0.0165546439608615,-0.018845956075994645,ACTIVE_1
138,btn012c-b1,psth.fs20-ld-st.fil0-ref-psthfr.s_stategain.S_jk.nf20-basic,st.fil0,baseline,,0.4255551758380423,0.017849179283295647,1.4062992957963951,1.0254956109613045,baseline
139,btn012c-b1,psth.fs20-ld-st.fil0-ref-psthfr.s_stategain.S_jk.nf20-basic,st.fil0,ACTIVE_1,0.00023254997990989254,0.4255551758380423,0.017849179283295647,0.002944735061636512,-0.01613696379015518,ACTIVE_1
140,btn012c-b1,psth.fs20-ld-st.fil0-ref-psthfr.s_stategain.S_jk.nf20-basic,st.fil0,PASSIVE_1,-4.412667751285728e-05,0.4255551758380423,0.017849179283295647,0.023367191048816648,-0.0899852862119139,PASSIVE_1
141,btn012c-b1,psth.fs20-ld-st.fil0-ref-psthfr.s_stategain.S_jk.nf20-basic,st.fil0,PASSIVE_2,7.579762369685295e-05,0.4255551758380423,0.017849179283295647,-0.005176642739299042,-0.0067684287375402415,PASSIVE_2
142,btn012c-a1,psth.fs20-ld-st.fil0-ref-psthfr.s_stategain.S_jk.nf20-basic,st.fil0,baseline,,0.19249316776656838,0.014586557909341812,2.1535902529720237,0.9508191730746317,baseline
143,btn012c-a1,psth.fs20-ld-st.fil0-ref-psthfr.s_stategain.S_jk.nf20-basic,st.fil0,ACTIVE_1,-0.0003150251384248951,0.19249316776656838,0.014586557909341812,0.0011394889893751147,0.06825107175657559,ACTIVE_1
144,btn012c-a1,psth.fs20-ld-st.fil0-ref-psthfr.s_stategain.S_jk.nf20-basic,st.fil0,PASSIVE_1,-0.0002633931226105391,0.19249316776656838,0.014586557909341812,-0.018458841744953654,0.11299347954336188,PASSIVE_1
145,btn012c-a1,psth.fs20-ld-st.fil0-ref-psthfr.s_stategain.S_jk.nf20-basic,st.fil0,PASSIVE_2,-0.00014608970685865623,0.19249316776656838,0.014586557909341812,0.03187562811450694,0.016550753110013784,PASSIVE_2
146,btn011c-b1,psth.fs20-ld-st.fil0-ref-psthfr.s_stategain.S_jk.nf20-basic,st.fil0,baseline,,0.6017050709653937,0.013467878559667428,1.0203685701883292,1.0081682509604288,baseline
147,btn011c-b1,psth.fs20-ld-st.fil0-ref-psthfr.s_stategain.S_jk.nf20-basic,st.fil0,ACTIVE_1,0.00015328032708686155,0.6017050709653937,0.013467878559667428,-0.007950823017337311,-0.012938013383667318,ACTIVE_1
148,btn011a-b1,psth.fs20-ld-st.fil0-ref-psthfr.s_stategain.S_jk.nf20-basic,st.fil0,baseline,,0.6259795663347439,0.017025671460929943,2.519774862798658,1.031465464367631,baseline
149,btn011a-b1,psth.fs20-ld-st.fil0-ref-psthfr.s_stategain.S_jk.nf20-basic,st.fil0,ACTIVE_1,0.00028216936128212274,0.6259795663347439,0.017025671460929943,0.028927146820192078,-0.04818820882539516,ACTIVE_1
150,btn009b-b1,psth.fs20-ld-st.fil0-ref-psthfr.s_stategain.S_jk.nf20-basic,st.fil0,baseline,,0.6957775492877272,0.02225168036052968,0.5415821581851639,1.0703441170099663,baseline
151,btn009b-b1,psth.fs20-ld-st.fil0-ref-psthfr.s_stategain.S_jk.nf20-basic,st.fil0,PASSIVE_1,8.845962208756904e-05,0.6957775492877272,0.02225168036052968,0.011997909281689808,-0.10890108307190749,PASSIVE_1
152,btn006a-b1,psth.fs20-ld-st.fil0-ref-psthfr.s_stategain.S_jk.nf20-basic,st.fil0,baseline,,0.716932320630713,0.009809197473157897,0.4285688967465022,1.016162579132561,baseline
153,btn006a-b1,psth.fs20-ld-st.fil0-ref-psthfr.s_stategain.S_jk.nf20-basic,st.fil0,ACTIVE_1,0.0002882265290934147,0.716932320630713,0.009809197473157897,0.010617018396843345,-0.025235343262392775,ACTIVE_1
154,mgc015a-a1,psth.fs20-ld-st.fil-ref-psthfr.s_stategain.S_jk.nf20-basic,st.fil,baseline,,0.8728625754996828,0.006670774994238436,0.32831620012338775,1.012862332279993,baseline
155,mgc015a-a1,psth.fs20-ld-st.fil-ref-psthfr.s_stategain.S_jk.nf20-basic,st.fil,ACTIVE_1,-0.14900007795625797,0.8728625754996828,0.006670774994238436,-0.20829891763542047,-0.02572231664029164,ACTIVE_1
156,btn123b-a1,psth.fs20-ld-st.fil-ref-psthfr.s_stategain.S_jk.nf20-basic,st.fil,baseline,,0.8147306863509645,0.008150019417171339,0.928222956577752,0.8701736326615753,baseline
157,btn123b-a1,psth.fs20-ld-st.fil-ref-psthfr.s_stategain.S_jk.nf20-basic,st.fil,ACTIVE_1,0.018830759481949032,0.8147306863509645,0.008150019417171339,-0.05196473881413975,0.25965171593778097,ACTIVE_1
158,btn118a-b1,psth.fs20-ld-st.fil-ref-psthfr.s_stategain.S_jk.nf20-basic,st.fil,baseline,,0.9214104902263236,0.004861231540939553,0.5142720675114223,1.1702439631171884,baseline
159,btn118a-b1,psth.fs20-ld-st.fil-ref-psthfr.s_stategain.S_jk.nf20-basic,st.fil,ACTIVE_0,0.02554924222423977,0.9214104902263236,0.004861231540939553,0.5848229841347712,-0.3404930748553402,ACTIVE_0
160,btn109b-b1,psth.fs20-ld-st.fil-ref-psthfr.s_stategain.S_jk.nf20-basic,st.fil,baseline,,0.7921686426332821,0.013285677998056073,0.4760860621082196,1.4221510850849308,baseline
161,btn109b-b1,psth.fs20-ld-st.fil-ref-psthfr.s_stategain.S_jk.nf20-basic,st.fil,ACTIVE_1,-0.40106490291279834,0.7921686426332821,0.013285677998056073,-0.27550846623015446,-0.8443093294021077,ACTIVE_1
162,btn104e-a1,psth.fs20-ld-st.fil-ref-psthfr.s_stategain.S_jk.nf20-basic,st.fil,baseline,,0.9271346657211588,0.004150380264103449,0.08197585563438148,0.9417283941818078,baseline
163,btn104e-a1,psth.fs20-ld-st.fil-ref-psthfr.s_stategain.S_jk.nf20-basic,st.fil,ACTIVE_1,0.15139219961810899,0.9271346657211588,0.004150380264103449,0.2047497727738404,0.11591752526607406,ACTIVE_1
164,btn088b-a1,psth.fs20-ld-st.fil-ref-psthfr.s_stategain.S_jk.nf20-basic,st.fil,baseline,,0.671609798782569,0.012018828831788812,1.1681199531938824,1.164596021331771,baseline
165,btn088b-a1,psth.fs20-ld-st.fil-ref-psthfr.s_stategain.S_jk.nf20-basic,st.fil,ACTIVE_1,0.03662929580766139,0.671609798782569,0.012018828831788812,0.19882955787540865,-0.38402013034918975,ACTIVE_1
166,btn075c-b1,psth.fs20-ld-st.fil-ref-psthfr.s_stategain.S_jk.nf20-basic,st.fil,baseline,,0.8194870098878665,0.012900777515128106,0.6367180310191041,0.9819088598390591,baseline
167,btn075c-b1,psth.fs20-ld-st.fil-ref-psthfr.s_stategain.S_jk.nf20-basic,st.fil,ACTIVE_1,-0.012599954370032189,0.8194870098878665,0.012900777515128106,-0.030133422407706955,0.036300153795428815,ACTIVE_1
168,btn059b-a1,psth.fs20-ld-st.fil-ref-psthfr.s_stategain.S_jk.nf20-basic,st.fil,baseline,,0.6526325799771587,0.02077171900925653,2.0934165476923474,1.1975343459431003,baseline
169,btn059b-a1,psth.fs20-ld-st.fil-ref-psthfr.s_stategain.S_jk.nf20-basic,st.fil,ACTIVE_1,-0.015436221225027273,0.6526325799771587,0.02077171900925653,-0.19681822203096994,-0.3950285025275082,ACTIVE_1
170,btn029a-b1,psth.fs20-ld-st.fil-ref-psthfr.s_stategain.S_jk.nf20-basic,st.fil,baseline,,0.9146677054388741,0.004217443164785951,1.257106721120143,0.9425295546654825,baseline
171,btn029a-b1,psth.fs20-ld-st.fil-ref-psthfr.s_stategain.S_jk.nf20-basic,st.fil,ACTIVE_1,0.014949923772627445,0.9146677054388741,0.004217443164785951,-0.024232113246590564,0.11491627014644279,ACTIVE_1
172,btn015g-a1,psth.fs20-ld-st.fil-ref-psthfr.s_stategain.S_jk.nf20-basic,st.fil,baseline,,0.5891609823397748,0.017515760002573006,1.1599350655567284,1.561633868454504,baseline
173,btn015g-a1,psth.fs20-ld-st.fil-ref-psthfr.s_stategain.S_jk.nf20-basic,st.fil,PASSIVE_1,-0.4610251672483684,0.5891609823397748,0.017515760002573006,-0.7248794718010227,-1.1348895832388965,PASSIVE_1
174,btn012c-b1,psth.fs20-ld-st.fil-ref-psthfr.s_stategain.S_jk.nf20-basic,st.fil,baseline,,0.7717190917201032,0.017809270705642276,1.7722626347026527,2.001447761412792,baseline
175,btn012c-b1,psth.fs20-ld-st.fil-ref-psthfr.s_stategain.S_jk.nf20-basic,st.fil,ACTIVE_1,-0.20284046465469682,0.7717190917201032,0.017809270705642276,-0.427714210832798,-1.3546295603345262,ACTIVE_1
176,btn012c-b1,psth.fs20-ld-st.fil-ref-psthfr.s_stategain.S_jk.nf20-basic,st.fil,PASSIVE_1,-0.07425812265093264,0.7717190917201032,0.017809270705642276,-0.03216263306955352,-1.1298626136864065,PASSIVE_1
177,btn012c-b1,psth.fs20-ld-st.fil-ref-psthfr.s_stategain.S_jk.nf20-basic,st.fil,PASSIVE_2,-0.4303609120787878,0.7717190917201032,0.017809270705642276,-0.9869721378943808,-1.5209845117589798,PASSIVE_2
178,btn123a-a1,psth.fs20-ld-st.fil-ref-psthfr.s_stategain.S_jk.nf20-basic,st.fil,baseline,,0.8340619670883813,0.0092981466200109,0.4617468007467413,1.123209863376312,baseline
179,btn123a-a1,psth.fs20-ld-st.fil-ref-psthfr.s_stategain.S_jk.nf20-basic,st.fil,ACTIVE_0,-0.04596750846362545,0.8340619670883813,0.0092981466200109,0.004296525583154885,-0.24641104474658068,ACTIVE_0
180,btn112e-b1,psth.fs20-ld-st.fil-ref-psthfr.s_stategain.S_jk.nf20-basic,st.fil,baseline,,0.9052509551981668,0.006278514953724724,5.139599718716807,1.0394820356430923,baseline
181,btn112e-b1,psth.fs20-ld-st.fil-ref-psthfr.s_stategain.S_jk.nf20-basic,st.fil,ACTIVE_1,-0.006525935338546814,0.9052509551981668,0.006278514953724724,-0.13700492984012308,-0.07896307310006008,ACTIVE_1
182,mgc055a-a1,psth.fs20-ld-st.fil-ref-psthfr.s_stategain.S_jk.nf20-basic,st.fil,baseline,,0.6160229581337655,0.030894544657143818,0.5445963565814816,1.4957994449711545,baseline
183,mgc055a-a1,psth.fs20-ld-st.fil-ref-psthfr.s_stategain.S_jk.nf20-basic,st.fil,PASSIVE_1,-0.28262250235722064,0.6160229581337655,0.030894544657143818,-0.21927227810403,-0.9914753553761049,PASSIVE_1
184,mgc052e-b1,psth.fs20-ld-st.fil-ref-psthfr.s_stategain.S_jk.nf20-basic,st.fil,baseline,,0.9277207333520842,0.010428882252536664,1.6538289413434673,1.04963723396971,baseline
185,mgc052e-b1,psth.fs20-ld-st.fil-ref-psthfr.s_stategain.S_jk.nf20-basic,st.fil,PASSIVE_1,-0.07846281175174323,0.9277207333520842,0.010428882252536664,-0.2251379337026243,-0.12573979423030637,PASSIVE_1
186,mgc050b-b1,psth.fs20-ld-st.fil-ref-psthfr.s_stategain.S_jk.nf20-basic,st.fil,baseline,,0.8965094478242464,0.006934792518649972,0.8924299474625033,0.9838079430938018,baseline
187,mgc050b-b1,psth.fs20-ld-st.fil-ref-psthfr.s_stategain.S_jk.nf20-basic,st.fil,ACTIVE_1,-0.007052526654080041,0.8965094478242464,0.006934792518649972,-0.044845228456615725,0.03239284102369967,ACTIVE_1
188,mgc049e-b1,psth.fs20-ld-st.fil-ref-psthfr.s_stategain.S_jk.nf20-basic,st.fil,baseline,,0.9323990167514324,0.0028852703977896386,0.2101597049346498,1.30213051119637,baseline
189,mgc049e-b1,psth.fs20-ld-st.fil-ref-psthfr.s_stategain.S_jk.nf20-basic,st.fil,ACTIVE_1,-0.3023694789637988,0.9323990167514324,0.0028852703977896386,-0.09540883475732444,-0.6076527657105303,ACTIVE_1
190,mgc038a-b1,psth.fs20-ld-st.fil-ref-psthfr.s_stategain.S_jk.nf20-basic,st.fil,baseline,,0.4960720993870299,0.02872648770625316,1.3572358218841347,0.8054739514850093,baseline
191,mgc038a-b1,psth.fs20-ld-st.fil-ref-psthfr.s_stategain.S_jk.nf20-basic,st.fil,ACTIVE_0,0.08206030518703339,0.4960720993870299,0.02872648770625316,0.30448337447231744,0.3890298355738092,ACTIVE_0
192,mgc037b-a1,psth.fs20-ld-st.fil-ref-psthfr.s_stategain.S_jk.nf20-basic,st.fil,baseline,,0.9578936508242647,0.0027176393137265365,0.26817556152680383,1.2156115048857932,baseline
193,mgc037b-a1,psth.fs20-ld-st.fil-ref-psthfr.s_stategain.S_jk.nf20-basic,st.fil,PASSIVE_1,-0.18920878387201187,0.9578936508242647,0.0027176393137265365,0.05433119633947492,-0.5031144846791282,PASSIVE_1
194,mgc031d-b1,psth.fs20-ld-st.fil-ref-psthfr.s_stategain.S_jk.nf20-basic,st.fil,baseline,,0.68824762312507,0.02273161009685914,2.80081656182833,0.8413878478156278,baseline
195,mgc031d-b1,psth.fs20-ld-st.fil-ref-psthfr.s_stategain.S_jk.nf20-basic,st.fil,ACTIVE_1,-0.3204666447684053,0.68824762312507,0.02273161009685914,-1.4526976422671412,0.241790406875997,ACTIVE_1
196,mgc028b-b1,psth.fs20-ld-st.fil-ref-psthfr.s_stategain.S_jk.nf20-basic,st.fil,baseline,,0.9005992332848043,0.008480560082534592,1.1650208119320316,1.1215698786897181,baseline
197,mgc028b-b1,psth.fs20-ld-st.fil-ref-psthfr.s_stategain.S_jk.nf20-basic,st.fil,ACTIVE_0,-0.13829548279805776,0.9005992332848043,0.008480560082534592,-0.3345734495754168,-0.24312376770762553,ACTIVE_0
198,mgc016e-b1,psth.fs20-ld-st.fil-ref-psthfr.s_stategain.S_jk.nf20-basic,st.fil,baseline,,0.8595106193775648,0.015083191859400729,1.7204222165979968,1.1150872171348183,baseline
199,mgc016e-b1,psth.fs20-ld-st.fil-ref-psthfr.s_stategain.S_jk.nf20-basic,st.fil,PASSIVE_1,-0.05440928096937259,0.8595106193775648,0.015083191859400729,-0.02362923622309598,-0.27281825859304004,PASSIVE_1
200,mgc016d-b1,psth.fs20-ld-st.fil-ref-psthfr.s_stategain.S_jk.nf20-basic,st.fil,baseline,,0.5655421030587865,0.02532532626269244,2.3853769201791764,1.1944893538766976,baseline
201,mgc016d-b1,psth.fs20-ld-st.fil-ref-psthfr.s_stategain.S_jk.nf20-basic,st.fil,ACTIVE_1,-0.07853397557308542,0.5655421030587865,0.02532532626269244,-0.3607670183902657,-0.3890128009998012,ACTIVE_1
202,mgc015b-a1,psth.fs20-ld-st.fil-ref-psthfr.s_stategain.S_jk.nf20-basic,st.fil,baseline,,0.7680366879916174,0.01110315334581692,1.0535742313743506,1.0870683645833386,baseline
203,mgc015b-a1,psth.fs20-ld-st.fil-ref-psthfr.s_stategain.S_jk.nf20-basic,st.fil,ACTIVE_1,-0.08807335360064444,0.7680366879916174,0.01110315334581692,-0.17129149643064734,-0.17418182221056475,ACTIVE_1
204,mgc013a-a1,psth.fs20-ld-st.fil-ref-psthfr.s_stategain.S_jk.nf20-basic,st.fil,baseline,,0.7189989646160025,0.01286625049367724,1.584001264206876,0.9256966986113528,baseline
205,mgc013a-a1,psth.fs20-ld-st.fil-ref-psthfr.s_stategain.S_jk.nf20-basic,st.fil,PASSIVE_1,-0.2529571898242769,0.7189989646160025,0.01286625049367724,-0.9013424879734343,0.1486016197976467,PASSIVE_1
206,mgc008b-b1,psth.fs20-ld-st.fil-ref-psthfr.s_stategain.S_jk.nf20-basic,st.fil,baseline,,0.6524424484350095,0.023103521708366742,2.316768761800293,0.9686410563136517,baseline
207,mgc008b-b1,psth.fs20-ld-st.fil-ref-psthfr.s_stategain.S_jk.nf20-basic,st.fil,PASSIVE_1,,0.6524424484350095,0.023103521708366742,-1.3963122722957828,-0.4454632805720545,PASSIVE_1
208,mgc001c-a1,psth.fs20-ld-st.fil-ref-psthfr.s_stategain.S_jk.nf20-basic,st.fil,baseline,,0.879341770410577,0.00919223834233281,1.401767615699868,1.0932288949850704,baseline
209,mgc001c-a1,psth.fs20-ld-st.fil-ref-psthfr.s_stategain.S_jk.nf20-basic,st.fil,ACTIVE_1,,0.879341770410577,0.00919223834233281,-0.13665644530105692,-0.17571565044835624,ACTIVE_1
210,btn143b-a1,psth.fs20-ld-st.fil-ref-psthfr.s_stategain.S_jk.nf20-basic,st.fil,baseline,,0.7532681876644249,0.006981090331497071,2.019147330040891,1.2895898899643625,baseline
211,btn143b-a1,psth.fs20-ld-st.fil-ref-psthfr.s_stategain.S_jk.nf20-basic,st.fil,ACTIVE_1,-0.2931121017531068,0.7532681876644249,0.006981090331497071,-0.8910288718471217,-0.5727620428684851,ACTIVE_1
212,btn142b-a1,psth.fs20-ld-st.fil-ref-psthfr.s_stategain.S_jk.nf20-basic,st.fil,baseline,,0.9553541442230772,0.0036215228915442966,0.41771461579544944,1.0186073995145548,baseline
213,btn142b-a1,psth.fs20-ld-st.fil-ref-psthfr.s_stategain.S_jk.nf20-basic,st.fil,ACTIVE_1,0.02995098502238015,0.9553541442230772,0.0036215228915442966,0.1510525390589969,-0.038021929729547786,ACTIVE_1
214,btn139c-a1,psth.fs20-ld-st.fil-ref-psthfr.s_stategain.S_jk.nf20-basic,st.fil,baseline,,0.8424568965139745,0.013607559959068104,0.6992260390518431,1.1869420308588643,baseline
215,btn139c-a1,psth.fs20-ld-st.fil-ref-psthfr.s_stategain.S_jk.nf20-basic,st.fil,ACTIVE_1,0.036968428305136664,0.8424568965139745,0.013607559959068104,0.27375669780642864,-0.3739618015370635,ACTIVE_1
216,btn134a-a1,psth.fs20-ld-st.fil-ref-psthfr.s_stategain.S_jk.nf20-basic,st.fil,baseline,,0.8969660444463614,0.009087819339110334,0.8325081186369584,1.188712735771587,baseline
217,btn134a-a1,psth.fs20-ld-st.fil-ref-psthfr.s_stategain.S_jk.nf20-basic,st.fil,ACTIVE_1,-0.21253691031208327,0.8969660444463614,0.009087819339110334,-0.20090937025266992,-0.4721020077771828,ACTIVE_1
218,btn131a-a1,psth.fs20-ld-st.fil-ref-psthfr.s_stategain.S_jk.nf20-basic,st.fil,baseline,,0.8449165807313603,0.011524306735578844,0.2486661614760966,0.8434873157222393,baseline
219,btn131a-a1,psth.fs20-ld-st.fil-ref-psthfr.s_stategain.S_jk.nf20-basic,st.fil,ACTIVE_1,0.20614990269826908,0.8449165807313603,0.011524306735578844,0.1737537074441298,0.3131009355178035,ACTIVE_1
220,btn120b-b1,psth.fs20-ld-st.fil-ref-psthfr.s_stategain.S_jk.nf20-basic,st.fil,baseline,,0.8283801039139383,0.015283003503900196,0.7401228237142843,1.2647118711934078,baseline
221,btn120b-b1,psth.fs20-ld-st.fil-ref-psthfr.s_stategain.S_jk.nf20-basic,st.fil,ACTIVE_1,-0.20178056083267715,0.8283801039139383,0.015283003503900196,-0.21184837255199218,-0.5276198063763393,ACTIVE_1
222,btn120a-b1,psth.fs20-ld-st.fil-ref-psthfr.s_stategain.S_jk.nf20-basic,st.fil,baseline,,0.9587498831890487,0.003536266475153075,1.6798588769446376,1.0734444684214617,baseline
223,btn120a-b1,psth.fs20-ld-st.fil-ref-psthfr.s_stategain.S_jk.nf20-basic,st.fil,ACTIVE_1,0.005664468738506557,0.9587498831890487,0.003536266475153075,0.2069797728049647,-0.14690952176228012,ACTIVE_1
224,btn119b-b1,psth.fs20-ld-st.fil-ref-psthfr.s_stategain.S_jk.nf20-basic,st.fil,baseline,,0.8042276565714491,0.017767839877649034,0.8719410699484145,1.0660635491625754,baseline
225,btn119b-b1,psth.fs20-ld-st.fil-ref-psthfr.s_stategain.S_jk.nf20-basic,st.fil,ACTIVE_1,-0.006679824925102052,0.8042276565714491,0.017767839877649034,0.0616541796835238,-0.1320941074010447,ACTIVE_1
226,btn119a-b1,psth.fs20-ld-st.fil-ref-psthfr.s_stategain.S_jk.nf20-basic,st.fil,baseline,,0.8705748724814087,0.007823252923258093,0.693789528729073,1.3436065875430052,baseline
227,btn119a-b1,psth.fs20-ld-st.fil-ref-psthfr.s_stategain.S_jk.nf20-basic,st.fil,ACTIVE_1,0.02077484498977804,0.8705748724814087,0.007823252923258093,0.538936191803226,-0.8017475841598143,ACTIVE_1
228,btn117f-a1,psth.fs20-ld-st.fil-ref-psthfr.s_stategain.S_jk.nf20-basic,st.fil,baseline,,0.8013436314247736,0.01049656290201905,0.6601171072504091,1.2071027070409042,baseline
229,btn117f-a1,psth.fs20-ld-st.fil-ref-psthfr.s_stategain.S_jk.nf20-basic,st.fil,ACTIVE_0,-0.027633032814776873,0.8013436314247736,0.01049656290201905,0.07306775535526601,-0.4141145925116577,ACTIVE_0
230,btn116a-b1,psth.fs20-ld-st.fil-ref-psthfr.s_stategain.S_jk.nf20-basic,st.fil,baseline,,0.9239191352672224,0.004210363380780681,0.14633073235246802,1.0854608588106207,baseline
231,btn116a-b1,psth.fs20-ld-st.fil-ref-psthfr.s_stategain.S_jk.nf20-basic,st.fil,ACTIVE_0,0.05246960195445464,0.9239191352672224,0.004210363380780681,0.2806442571276319,-0.17089846003194573,ACTIVE_0
232,btn114d-b1,psth.fs20-ld-st.fil-ref-psthfr.s_stategain.S_jk.nf20-basic,st.fil,baseline,,0.7832737069551751,0.013023820902613503,0.5817138416216756,0.9791178931852391,baseline
233,btn114d-b1,psth.fs20-ld-st.fil-ref-psthfr.s_stategain.S_jk.nf20-basic,st.fil,ACTIVE_1,0.06834716224946782,0.7832737069551751,0.013023820902613503,0.10991625898297892,0.04175928324336645,ACTIVE_1
234,btn114b-b1,psth.fs20-ld-st.fil-ref-psthfr.s_stategain.S_jk.nf20-basic,st.fil,baseline,,0.7862998038677317,0.011349747251057507,0.5514394668662304,1.233580553504519,baseline
235,btn114b-b1,psth.fs20-ld-st.fil-ref-psthfr.s_stategain.S_jk.nf20-basic,st.fil,ACTIVE_1,-0.07008431367861633,0.7862998038677317,0.011349747251057507,-0.003982749534302847,-0.4672233180257056,ACTIVE_1
236,btn112d-b1,psth.fs20-ld-st.fil-ref-psthfr.s_stategain.S_jk.nf20-basic,st.fil,baseline,,0.8425723085646091,0.0080946247957477,2.463834648007576,1.1612685858242615,baseline
237,btn112d-b1,psth.fs20-ld-st.fil-ref-psthfr.s_stategain.S_jk.nf20-basic,st.fil,ACTIVE_1,-0.18660798994956967,0.8425723085646091,0.0080946247957477,-0.7442325365044112,-0.32241845954810044,ACTIVE_1
238,btn111b-b1,psth.fs20-ld-st.fil-ref-psthfr.s_stategain.S_jk.nf20-basic,st.fil,baseline,,0.6225168692136197,0.01706519575357985,0.17532702550501691,0.9929074400036292,baseline
239,btn111b-b1,psth.fs20-ld-st.fil-ref-psthfr.s_stategain.S_jk.nf20-basic,st.fil,ACTIVE_1,0.18551537062825701,0.6225168692136197,0.01706519575357985,0.17707715665359877,0.014329626728815655,ACTIVE_1
240,btn109c-a1,psth.fs20-ld-st.fil-ref-psthfr.s_stategain.S_jk.nf20-basic,st.fil,baseline,,0.49543439865178146,0.0235603393212167,1.1029422033651346,1.0664101609716634,baseline
241,btn109c-a1,psth.fs20-ld-st.fil-ref-psthfr.s_stategain.S_jk.nf20-basic,st.fil,ACTIVE_1,-0.2706534159325433,0.49543439865178146,0.0235603393212167,-0.47462796559374143,-0.15467657896288636,ACTIVE_1
242,btn105c-a1,psth.fs20-ld-st.fil-ref-psthfr.s_stategain.S_jk.nf20-basic,st.fil,baseline,,0.7895597978027034,0.01539212065451009,0.6856843276375036,1.1667696376439711,baseline
243,btn105c-a1,psth.fs20-ld-st.fil-ref-psthfr.s_stategain.S_jk.nf20-basic,st.fil,ACTIVE_1,-0.10026057974235872,0.7895597978027034,0.01539212065451009,-0.09578939764076991,-0.3335257266998176,ACTIVE_1
244,btn105a-a1,psth.fs20-ld-st.fil-ref-psthfr.s_stategain.S_jk.nf20-basic,st.fil,baseline,,0.5700085070003759,0.021443470671019767,0.9385326608583873,1.0549914054154998,baseline
245,btn105a-a1,psth.fs20-ld-st.fil-ref-psthfr.s_stategain.S_jk.nf20-basic,st.fil,ACTIVE_1,0.07352968179169743,0.5700085070003759,0.021443470671019767,0.1295725694647472,-0.11008341358894036,ACTIVE_1
246,btn097a-a1,psth.fs20-ld-st.fil-ref-psthfr.s_stategain.S_jk.nf20-basic,st.fil,baseline,,0.6196264582892912,0.01972339077570572,0.6375006468831192,1.0847657740385173,baseline
247,btn097a-a1,psth.fs20-ld-st.fil-ref-psthfr.s_stategain.S_jk.nf20-basic,st.fil,ACTIVE_1,0.005388852375339913,0.6196264582892912,0.01972339077570572,0.04948403457371365,-0.16980065724696952,ACTIVE_1
248,btn095b-b1,psth.fs20-ld-st.fil-ref-psthfr.s_stategain.S_jk.nf20-basic,st.fil,baseline,,0.844819964864852,0.007688738101263284,0.7473765357811155,1.0656267477031935,baseline
249,btn095b-b1,psth.fs20-ld-st.fil-ref-psthfr.s_stategain.S_jk.nf20-basic,st.fil,ACTIVE_1,-0.04262722813636981,0.844819964864852,0.007688738101263284,-0.023663428075190313,-0.13120492597152428,ACTIVE_1
250,btn079d-b1,psth.fs20-ld-st.fil-ref-psthfr.s_stategain.S_jk.nf20-basic,st.fil,baseline,,0.9375942730757212,0.002061492193086474,0.26642696271476224,0.4730925146709537,baseline
251,btn079d-b1,psth.fs20-ld-st.fil-ref-psthfr.s_stategain.S_jk.nf20-basic,st.fil,ACTIVE_1,-0.5542817762268003,0.9375942730757212,0.002061492193086474,-0.1822338655161913,-0.3963952513961904,ACTIVE_1
252,btn079d-b1,psth.fs20-ld-st.fil-ref-psthfr.s_stategain.S_jk.nf20-basic,st.fil,PASSIVE_1,0.6948865305976522,0.9375942730757212,0.002061492193086474,1.3141267099566671,1.3788185389218808,PASSIVE_1
253,btn079d-b1,psth.fs20-ld-st.fil-ref-psthfr.s_stategain.S_jk.nf20-basic,st.fil,ACTIVE_2,0.6898714356454603,0.9375942730757212,0.002061492193086474,1.3124146442685478,1.1250164507982578,ACTIVE_2
254,btn086c-a1,psth.fs20-ld-st.fil-ref-psthfr.s_stategain.S_jk.nf20-basic,st.fil,baseline,,0.9481775642006196,0.0037495443252229185,0.5998422799131109,1.0042051300125379,baseline
255,btn086c-a1,psth.fs20-ld-st.fil-ref-psthfr.s_stategain.S_jk.nf20-basic,st.fil,ACTIVE_1,-0.04894224300463455,0.9481775642006196,0.0037495443252229185,-0.12968075595017886,-0.008414090021635573,ACTIVE_1
256,btn079e-b1,psth.fs20-ld-st.fil-ref-psthfr.s_stategain.S_jk.nf20-basic,st.fil,baseline,,0.915794571070298,0.008335440940476538,0.07645996258785573,0.9418726913712382,baseline
257,btn079e-b1,psth.fs20-ld-st.fil-ref-psthfr.s_stategain.S_jk.nf20-basic,st.fil,ACTIVE_1,0.06550346001351168,0.915794571070298,0.008335440940476538,0.01939601169133728,0.1273567560805093,ACTIVE_1
258,btn077a-a1,psth.fs20-ld-st.fil-ref-psthfr.s_stategain.S_jk.nf20-basic,st.fil,baseline,,0.6258674252560817,0.019108371353452683,0.5518001375851644,1.145932078429826,baseline
259,btn077a-a1,psth.fs20-ld-st.fil-ref-psthfr.s_stategain.S_jk.nf20-basic,st.fil,ACTIVE_1,0.011894353909718162,0.6258674252560817,0.019108371353452683,-0.01691602052881125,-0.2917884129581698,ACTIVE_1
260,btn075a-b1,psth.fs20-ld-st.fil-ref-psthfr.s_stategain.S_jk.nf20-basic,st.fil,baseline,,0.6202426706180383,0.019201176345234536,1.6351439926768152,1.2594765102347776,baseline
261,btn075a-b1,psth.fs20-ld-st.fil-ref-psthfr.s_stategain.S_jk.nf20-basic,st.fil,ACTIVE_1,-0.0875639436797305,0.6202426706180383,0.019201176345234536,-0.10130525885911615,-0.8222240403590589,ACTIVE_1
262,btn074e-b1,psth.fs20-ld-st.fil-ref-psthfr.s_stategain.S_jk.nf20-basic,st.fil,baseline,,0.9753157211121168,0.002076596780165234,0.7154154899878797,1.0623831813068674,baseline
263,btn074e-b1,psth.fs20-ld-st.fil-ref-psthfr.s_stategain.S_jk.nf20-basic,st.fil,ACTIVE_0,-0.09266892753203596,0.9753157211121168,0.002076596780165234,-0.2191857342260526,-0.12473955417745844,ACTIVE_0
264,btn073c-a1,psth.fs20-ld-st.fil-ref-psthfr.s_stategain.S_jk.nf20-basic,st.fil,baseline,,0.7795011454802074,0.009067331270353474,1.9594396435045724,0.989447739115026,baseline
265,btn073c-a1,psth.fs20-ld-st.fil-ref-psthfr.s_stategain.S_jk.nf20-basic,st.fil,ACTIVE_1,-0.3458105062378103,0.7795011454802074,0.009067331270353474,-1.3288435156289942,0.02105015807986556,ACTIVE_1
266,btn073b-b1,psth.fs20-ld-st.fil-ref-psthfr.s_stategain.S_jk.nf20-basic,st.fil,baseline,,0.49511041324037386,0.027251580283386263,0.44191711703810005,1.1394510846621309,baseline
267,btn073b-b1,psth.fs20-ld-st.fil-ref-psthfr.s_stategain.S_jk.nf20-basic,st.fil,ACTIVE_1,-0.038898267735681766,0.49511041324037386,0.027251580283386263,0.0017313998887712601,-0.27897986905636074,ACTIVE_1
268,btn073a-a1,psth.fs20-ld-st.fil-ref-psthfr.s_stategain.S_jk.nf20-basic,st.fil,baseline,,0.8951376398162958,0.00781371392935315,0.9677972829207949,1.3558459985699494,baseline
269,btn073a-a1,psth.fs20-ld-st.fil-ref-psthfr.s_stategain.S_jk.nf20-basic,st.fil,ACTIVE_1,-0.1307889433820068,0.8951376398162958,0.00781371392935315,0.06769810944356565,-0.711625998870584,ACTIVE_1
270,btn072d-a1,psth.fs20-ld-st.fil-ref-psthfr.s_stategain.S_jk.nf20-basic,st.fil,baseline,,0.8557621433890187,0.007847165599926443,2.363384309427849,0.9076419615908005,baseline
271,btn072d-a1,psth.fs20-ld-st.fil-ref-psthfr.s_stategain.S_jk.nf20-basic,st.fil,ACTIVE_1,-0.03446370418004294,0.8557621433890187,0.007847165599926443,-0.016735348654779755,0.18474294791030113,ACTIVE_1
272,btn071c-a1,psth.fs20-ld-st.fil-ref-psthfr.s_stategain.S_jk.nf20-basic,st.fil,baseline,,0.667063800986891,0.013328289581788633,1.8767474659812247,1.2712812869933248,baseline
273,btn071c-a1,psth.fs20-ld-st.fil-ref-psthfr.s_stategain.S_jk.nf20-basic,st.fil,ACTIVE_0,-0.31975970968152784,0.667063800986891,0.013328289581788633,-0.9101735973667523,-0.5424611411020008,ACTIVE_0
274,btn070a-b1,psth.fs20-ld-st.fil-ref-psthfr.s_stategain.S_jk.nf20-basic,st.fil,baseline,,0.6576424115994705,0.018477306702484143,1.0023475915314892,1.2210984187123968,baseline
275,btn070a-b1,psth.fs20-ld-st.fil-ref-psthfr.s_stategain.S_jk.nf20-basic,st.fil,ACTIVE_1,-0.34690214772542177,0.6576424115994705,0.018477306702484143,-0.502039044238725,-0.43820030116409414,ACTIVE_1
276,btn069b-a1,psth.fs20-ld-st.fil-ref-psthfr.s_stategain.S_jk.nf20-basic,st.fil,baseline,,0.9194258046866942,0.0034114094887689734,0.41449671776786856,1.2003736719480034,baseline
277,btn069b-a1,psth.fs20-ld-st.fil-ref-psthfr.s_stategain.S_jk.nf20-basic,st.fil,ACTIVE_1,-0.25326658396024265,0.9194258046866942,0.0034114094887689734,-0.22689333411350274,-0.40060918115407873,ACTIVE_1
278,btn062c-a1,psth.fs20-ld-st.fil-ref-psthfr.s_stategain.S_jk.nf20-basic,st.fil,baseline,,0.6710707345918501,0.01737554435504513,0.4648440858651174,1.0405046747964533,baseline
279,btn062c-a1,psth.fs20-ld-st.fil-ref-psthfr.s_stategain.S_jk.nf20-basic,st.fil,ACTIVE_1,-0.09749360984574819,0.6710707345918501,0.01737554435504513,-0.13086554901522274,-0.08091699049992848,ACTIVE_1
280,btn062a-a1,psth.fs20-ld-st.fil-ref-psthfr.s_stategain.S_jk.nf20-basic,st.fil,baseline,,0.7110100767900686,0.022814012536375466,2.1906948046534516,1.09313660931044,baseline
281,btn062a-a1,psth.fs20-ld-st.fil-ref-psthfr.s_stategain.S_jk.nf20-basic,st.fil,ACTIVE_0,0.05566293465288539,0.7110100767900686,0.022814012536375466,0.33827992572776616,-0.14659168855478022,ACTIVE_0
282,btn060a-a1,psth.fs20-ld-st.fil-ref-psthfr.s_stategain.S_jk.nf20-basic,st.fil,baseline,,0.9361020395465053,0.006357250785568436,0.5339231052679237,0.9757259297204681,baseline
283,btn060a-a1,psth.fs20-ld-st.fil-ref-psthfr.s_stategain.S_jk.nf20-basic,st.fil,ACTIVE_0,0.08477412685839308,0.9361020395465053,0.006357250785568436,0.35231064343140084,0.04850617690220976,ACTIVE_0
284,btn054b-a1,psth.fs20-ld-st.fil-ref-psthfr.s_stategain.S_jk.nf20-basic,st.fil,baseline,,0.8770037989536524,0.009262475933206664,0.5212995232068719,1.0525341371366275,baseline
285,btn054b-a1,psth.fs20-ld-st.fil-ref-psthfr.s_stategain.S_jk.nf20-basic,st.fil,ACTIVE_1,0.06654110633252402,0.8770037989536524,0.009262475933206664,0.2785029545927687,-0.10503820804024726,ACTIVE_1
286,btn044d-b1,psth.fs20-ld-st.fil-ref-psthfr.s_stategain.S_jk.nf20-basic,st.fil,baseline,,0.572537223620299,0.016581558546465466,1.8070394803430108,0.9318008276758251,baseline
287,btn044d-b1,psth.fs20-ld-st.fil-ref-psthfr.s_stategain.S_jk.nf20-basic,st.fil,ACTIVE_1,-0.08340879986899427,0.572537223620299,0.016581558546465466,-0.22738316523846613,0.1364508254680919,ACTIVE_1
288,btn030a-b1,psth.fs20-ld-st.fil-ref-psthfr.s_stategain.S_jk.nf20-basic,st.fil,baseline,,0.8414807741010482,0.009978854796154579,1.2002260540643854,1.1036666184957213,baseline
289,btn030a-b1,psth.fs20-ld-st.fil-ref-psthfr.s_stategain.S_jk.nf20-basic,st.fil,ACTIVE_1,-0.002738736855438241,0.8414807741010482,0.009978854796154579,0.05627275905991101,-0.21336750320722878,ACTIVE_1
290,btn019c-a1,psth.fs20-ld-st.fil-ref-psthfr.s_stategain.S_jk.nf20-basic,st.fil,baseline,,0.9678489287623903,0.0026180067803165336,0.6198651512046875,0.9129140160063122,baseline
291,btn019c-a1,psth.fs20-ld-st.fil-ref-psthfr.s_stategain.S_jk.nf20-basic,st.fil,PASSIVE_1,0.10259216549363835,0.9678489287623903,0.0026180067803165336,0.1802719420277162,0.17417190651698874,PASSIVE_1
292,btn015d-b1,psth.fs20-ld-st.fil-ref-psthfr.s_stategain.S_jk.nf20-basic,st.fil,baseline,,0.8729234634572688,0.007828052775172718,0.09156468618641153,0.8760700711141782,baseline
293,btn015d-b1,psth.fs20-ld-st.fil-ref-psthfr.s_stategain.S_jk.nf20-basic,st.fil,ACTIVE_1,0.2775592552817943,0.8729234634572688,0.007828052775172718,0.19688330529370143,0.24779596647202204,ACTIVE_1
294,btn014b-a1,psth.fs20-ld-st.fil-ref-psthfr.s_stategain.S_jk.nf20-basic,st.fil,baseline,,0.7025394326796167,0.017141291759905097,3.5427460451837285,0.9819091499450989,baseline
295,btn014b-a1,psth.fs20-ld-st.fil-ref-psthfr.s_stategain.S_jk.nf20-basic,st.fil,ACTIVE_1,0.04907157642442111,0.7025394326796167,0.017141291759905097,0.34785073267278577,0.03615936535760606,ACTIVE_1
296,btn012c-a1,psth.fs20-ld-st.fil-ref-psthfr.s_stategain.S_jk.nf20-basic,st.fil,baseline,,0.9005822684755955,0.012575374254727448,0.38256064696869085,0.2627594333024018,baseline
297,btn012c-a1,psth.fs20-ld-st.fil-ref-psthfr.s_stategain.S_jk.nf20-basic,st.fil,ACTIVE_1,0.7126256528478897,0.9005822684755955,0.012575374254727448,1.925839345100258,0.9118665146949156,ACTIVE_1
298,btn012c-a1,psth.fs20-ld-st.fil-ref-psthfr.s_stategain.S_jk.nf20-basic,st.fil,PASSIVE_1,0.7632844761869386,0.9005822684755955,0.012575374254727448,2.5118598360416793,1.0707509519321505,PASSIVE_1
299,btn012c-a1,psth.fs20-ld-st.fil-ref-psthfr.s_stategain.S_jk.nf20-basic,st.fil,PASSIVE_2,0.7735108317526593,0.9005822684755955,0.012575374254727448,2.672088624186731,0.9664911573624672,PASSIVE_2
300,btn011c-b1,psth.fs20-ld-st.fil-ref-psthfr.s_stategain.S_jk.nf20-basic,st.fil,baseline,,0.6810559238223153,0.014943690721076906,1.1607601746166942,1.2875173135878746,baseline
301,btn011c-b1,psth.fs20-ld-st.fil-ref-psthfr.s_stategain.S_jk.nf20-basic,st.fil,ACTIVE_1,-0.19719820004025296,0.6810559238223153,0.014943690721076906,-0.29145248572351956,-0.5751354389669013,ACTIVE_1
302,btn011a-b1,psth.fs20-ld-st.fil-ref-psthfr.s_stategain.S_jk.nf20-basic,st.fil,baseline,,0.6549039571159827,0.014485525965317119,2.40584510048168,1.308319775085834,baseline
303,btn011a-b1,psth.fs20-ld-st.fil-ref-psthfr.s_stategain.S_jk.nf20-basic,st.fil,ACTIVE_1,-0.01757473490046658,0.6549039571159827,0.014485525965317119,0.2660878501838012,-0.6166981056191971,ACTIVE_1
304,btn009b-b1,psth.fs20-ld-st.fil-ref-psthfr.s_stategain.S_jk.nf20-basic,st.fil,baseline,,0.7559210761654236,0.01716107425698686,0.7188641294645897,1.1042706558876483,baseline
305,btn009b-b1,psth.fs20-ld-st.fil-ref-psthfr.s_stategain.S_jk.nf20-basic,st.fil,PASSIVE_1,-0.30036578448935486,0.7559210761654236,0.01716107425698686,-0.3377301622651689,-0.20853106024670978,PASSIVE_1
306,btn006a-b1,psth.fs20-ld-st.fil-ref-psthfr.s_stategain.S_jk.nf20-basic,st.fil,baseline,,0.902743541381489,0.012340429796771477,0.6154827237972218,1.4672789128099495,baseline
307,btn006a-b1,psth.fs20-ld-st.fil-ref-psthfr.s_stategain.S_jk.nf20-basic,st.fil,ACTIVE_1,-0.44669315950316185,0.902743541381489,0.012340429796771477,-0.3598505805274335,-0.934566301491435,ACTIVE_1
