,cellid,modelname,state_sig,state_chan,MI,isolation,r,r_se,d,g,state_chan_alt
0,min040c-b1,psth.fs20-ld-st.fil0-ref-psthfr.s_stategain.S_jk.nf20-basic,st.fil0,baseline,,89.3,0.5707719657385193,0.012737594091861919,0.31442015893820213,1.0173197854064209,baseline
1,min040c-b1,psth.fs20-ld-st.fil0-ref-psthfr.s_stategain.S_jk.nf20-basic,st.fil0,ACTIVE_1,0.08626912384090668,89.3,0.5707719657385193,0.012737594091861919,0.009094819523543362,-0.012911999719185895,ACTIVE_1
2,min040c-b1,psth.fs20-ld-st.fil0-ref-psthfr.s_stategain.S_jk.nf20-basic,st.fil0,PASSIVE_1,-0.00018698870601353062,89.3,0.5707719657385193,0.012737594091861919,-0.0029336890038725917,-0.04872447644542301,PASSIVE_1
3,min025b-a1,psth.fs20-ld-st.fil0-ref-psthfr.s_stategain.S_jk.nf20-basic,st.fil0,baseline,,97.1,0.6686147831454659,0.013436227002070289,0.5509290679528931,1.014233147485812,baseline
4,min025b-a1,psth.fs20-ld-st.fil0-ref-psthfr.s_stategain.S_jk.nf20-basic,st.fil0,ACTIVE_1,-0.00351884617255988,97.1,0.6686147831454659,0.013436227002070289,0.007092010873026504,-0.04200884337514095,ACTIVE_1
5,min025b-a1,psth.fs20-ld-st.fil0-ref-psthfr.s_stategain.S_jk.nf20-basic,st.fil0,PASSIVE_1,3.4153667515347668e-06,97.1,0.6686147831454659,0.013436227002070289,-0.0015431690318253042,0.053844489943814765,PASSIVE_1
6,min025b-d2,psth.fs20-ld-st.fil0-ref-psthfr.s_stategain.S_jk.nf20-basic,st.fil0,baseline,,74.4,0.5762709883667418,0.01090501472196201,0.6093649616015868,1.007518775187614,baseline
7,min025b-d2,psth.fs20-ld-st.fil0-ref-psthfr.s_stategain.S_jk.nf20-basic,st.fil0,ACTIVE_1,-0.0015260366240961228,74.4,0.5762709883667418,0.01090501472196201,0.010427231902289965,-0.023296793576883634,ACTIVE_1
8,min025b-d2,psth.fs20-ld-st.fil0-ref-psthfr.s_stategain.S_jk.nf20-basic,st.fil0,PASSIVE_1,3.4886213148862084e-05,74.4,0.5762709883667418,0.01090501472196201,-0.0010439838529566357,0.03413993722727347,PASSIVE_1
9,mar014c-b2,psth.fs20-ld-st.fil0-ref-psthfr.s_stategain.S_jk.nf20-basic,st.fil0,baseline,,74.9,0.4095634478232834,0.014419969411286999,1.0065171522938523,0.9338965842029454,baseline
10,mar014c-b2,psth.fs20-ld-st.fil0-ref-psthfr.s_stategain.S_jk.nf20-basic,st.fil0,ACTIVE_1,0.024789110877463844,74.9,0.4095634478232834,0.014419969411286999,-0.005514755966925388,-0.009895061338376246,ACTIVE_1
11,mar014c-b2,psth.fs20-ld-st.fil0-ref-psthfr.s_stategain.S_jk.nf20-basic,st.fil0,PASSIVE_1,0.00022028088384126615,74.9,0.4095634478232834,0.014419969411286999,-0.018680676489472,-0.01989388159037698,PASSIVE_1
12,mar012b-c1,psth.fs20-ld-st.fil0-ref-psthfr.s_stategain.S_jk.nf20-basic,st.fil0,baseline,,85.9,0.495651287929243,0.014777512586869785,0.3966657506718919,1.0296037211664346,baseline
13,mar012b-c1,psth.fs20-ld-st.fil0-ref-psthfr.s_stategain.S_jk.nf20-basic,st.fil0,ACTIVE_1,0.014076120298530675,85.9,0.495651287929243,0.014777512586869785,-0.0006836716764115118,-0.021133048083055727,ACTIVE_1
14,mar012b-c1,psth.fs20-ld-st.fil0-ref-psthfr.s_stategain.S_jk.nf20-basic,st.fil0,PASSIVE_1,0.00015888236657065285,85.9,0.495651287929243,0.014777512586869785,-0.0009515658353610816,-0.026013192768699112,PASSIVE_1
15,mar012b-a2,psth.fs20-ld-st.fil0-ref-psthfr.s_stategain.S_jk.nf20-basic,st.fil0,baseline,,75.7,0.5397470366387822,0.010187904868357054,0.18096747616967393,0.9854450034282024,baseline
16,mar012b-a2,psth.fs20-ld-st.fil0-ref-psthfr.s_stategain.S_jk.nf20-basic,st.fil0,ACTIVE_1,0.02377122263307474,75.7,0.5397470366387822,0.010187904868357054,-0.00518118797483632,0.051381092609122866,ACTIVE_1
17,mar012b-a2,psth.fs20-ld-st.fil0-ref-psthfr.s_stategain.S_jk.nf20-basic,st.fil0,PASSIVE_1,-0.0001402760460826951,75.7,0.5397470366387822,0.010187904868357054,0.014430435362092186,-0.042649852322802474,PASSIVE_1
18,ele073b-c2,psth.fs20-ld-st.fil0-ref-psthfr.s_stategain.S_jk.nf20-basic,st.fil0,baseline,,76.4,0.43500801424765995,0.018334413558107963,1.1566290451452284,0.7840851341628425,baseline
19,ele073b-c2,psth.fs20-ld-st.fil0-ref-psthfr.s_stategain.S_jk.nf20-basic,st.fil0,ACTIVE_1,0.0012969902961536526,76.4,0.43500801424765995,0.018334413558107963,0.017457879852632845,-0.020563429904278042,ACTIVE_1
20,ele073b-c2,psth.fs20-ld-st.fil0-ref-psthfr.s_stategain.S_jk.nf20-basic,st.fil0,PASSIVE_1,-9.02528768833131e-05,76.4,0.43500801424765995,0.018334413558107963,0.01647177966594218,-0.0041108471158232945,PASSIVE_1
21,ele071c-d1,psth.fs20-ld-st.fil0-ref-psthfr.s_stategain.S_jk.nf20-basic,st.fil0,baseline,,90.0,0.24082679202272667,0.013520006313200928,1.5560663733748354,0.5977544407873602,baseline
22,ele071c-d1,psth.fs20-ld-st.fil0-ref-psthfr.s_stategain.S_jk.nf20-basic,st.fil0,ACTIVE_1,0.0005751673059006755,90.0,0.24082679202272667,0.013520006313200928,-0.009171629180603613,0.018890366836854376,ACTIVE_1
23,ele071c-d1,psth.fs20-ld-st.fil0-ref-psthfr.s_stategain.S_jk.nf20-basic,st.fil0,PASSIVE_1,1.5730897026483566e-05,90.0,0.24082679202272667,0.013520006313200928,0.03301611716749351,-0.010778760359665147,PASSIVE_1
24,ele072a-d2,psth.fs20-ld-st.fil0-ref-psthfr.s_stategain.S_jk.nf20-basic,st.fil0,baseline,,95.6,0.49165988620700823,0.0189712988941715,0.5424352172114958,0.7777976190800986,baseline
25,ele072a-d2,psth.fs20-ld-st.fil0-ref-psthfr.s_stategain.S_jk.nf20-basic,st.fil0,ACTIVE_1,0.001851571108444785,95.6,0.49165988620700823,0.0189712988941715,-0.007790626838080766,0.030960132104738337,ACTIVE_1
26,ele072a-d2,psth.fs20-ld-st.fil0-ref-psthfr.s_stategain.S_jk.nf20-basic,st.fil0,PASSIVE_1,-0.00019985125343557398,95.6,0.49165988620700823,0.0189712988941715,-0.016535940709171894,0.0219099466068184,PASSIVE_1
27,ele068a-c1,psth.fs20-ld-st.fil0-ref-psthfr.s_stategain.S_jk.nf20-basic,st.fil0,baseline,,77.8,0.5109549890542106,0.0115443735839935,0.3705939249496307,0.8865232859317622,baseline
28,ele068a-c1,psth.fs20-ld-st.fil0-ref-psthfr.s_stategain.S_jk.nf20-basic,st.fil0,ACTIVE_1,-0.0002223240527447181,77.8,0.5109549890542106,0.0115443735839935,-0.01182426491475246,0.056595423512004105,ACTIVE_1
29,ele068a-c1,psth.fs20-ld-st.fil0-ref-psthfr.s_stategain.S_jk.nf20-basic,st.fil0,PASSIVE_1,-0.00048029049727169666,77.8,0.5109549890542106,0.0115443735839935,-0.022894737775116362,0.024327408142420074,PASSIVE_1
30,ele055c-a1,psth.fs20-ld-st.fil0-ref-psthfr.s_stategain.S_jk.nf20-basic,st.fil0,baseline,,98.7,0.3442009762222053,0.0331043688473432,0.14783007789640845,0.9273525186455556,baseline
31,ele055c-a1,psth.fs20-ld-st.fil0-ref-psthfr.s_stategain.S_jk.nf20-basic,st.fil0,ACTIVE_1,0.04806857377678327,98.7,0.3442009762222053,0.0331043688473432,0.004563747592292344,0.041948497372436125,ACTIVE_1
32,ele055c-a1,psth.fs20-ld-st.fil0-ref-psthfr.s_stategain.S_jk.nf20-basic,st.fil0,PASSIVE_1,7.403132833296127e-06,98.7,0.3442009762222053,0.0331043688473432,-0.005445422872881085,-0.06667267673069933,PASSIVE_1
33,ele055c-a2,psth.fs20-ld-st.fil0-ref-psthfr.s_stategain.S_jk.nf20-basic,st.fil0,baseline,,82.4,0.592995095852508,0.029492645308075025,0.27867711147616997,1.0080889074535142,baseline
34,ele055c-a2,psth.fs20-ld-st.fil0-ref-psthfr.s_stategain.S_jk.nf20-basic,st.fil0,ACTIVE_0,0.013024071520927832,82.4,0.592995095852508,0.029492645308075025,-0.010114930388296016,0.012884715737964032,ACTIVE_0
35,ele050b-a1,psth.fs20-ld-st.fil0-ref-psthfr.s_stategain.S_jk.nf20-basic,st.fil0,baseline,,81.8,0.698228550873271,0.008350666514258687,1.0261546032235274,0.9501730503050665,baseline
36,ele050b-a1,psth.fs20-ld-st.fil0-ref-psthfr.s_stategain.S_jk.nf20-basic,st.fil0,ACTIVE_1,-0.0006173164383400401,81.8,0.698228550873271,0.008350666514258687,0.008200201566419308,0.03216460004326231,ACTIVE_1
37,ele050b-a1,psth.fs20-ld-st.fil0-ref-psthfr.s_stategain.S_jk.nf20-basic,st.fil0,PASSIVE_1,-0.00016606358594171836,81.8,0.698228550873271,0.008350666514258687,0.011181729627573767,-0.027007529130309554,PASSIVE_1
38,ele055a-b1,psth.fs20-ld-st.fil0-ref-psthfr.s_stategain.S_jk.nf20-basic,st.fil0,baseline,,95.9,0.42027109985238675,0.0181940865008361,1.23605287205276,0.6163841350989709,baseline
39,ele055a-b1,psth.fs20-ld-st.fil0-ref-psthfr.s_stategain.S_jk.nf20-basic,st.fil0,ACTIVE_1,0.019449970320674456,95.9,0.42027109985238675,0.0181940865008361,-0.020399160195007822,-0.03433806875151315,ACTIVE_1
40,ele055a-b1,psth.fs20-ld-st.fil0-ref-psthfr.s_stategain.S_jk.nf20-basic,st.fil0,PASSIVE_1,-0.001049203413406386,95.9,0.42027109985238675,0.0181940865008361,0.020660136223927872,0.02216885299696892,PASSIVE_1
41,ele055a-b2,psth.fs20-ld-st.fil0-ref-psthfr.s_stategain.S_jk.nf20-basic,st.fil0,baseline,,74.1,0.32740440127834897,0.020698561162069768,0.20228219067139303,1.0771800103218898,baseline
42,ele055a-b2,psth.fs20-ld-st.fil0-ref-psthfr.s_stategain.S_jk.nf20-basic,st.fil0,ACTIVE_1,0.024776768344786412,74.1,0.32740440127834897,0.020698561162069768,-0.003564917849354082,-0.18954743746643707,ACTIVE_1
43,ele055a-b2,psth.fs20-ld-st.fil0-ref-psthfr.s_stategain.S_jk.nf20-basic,st.fil0,PASSIVE_1,-0.003256429895010283,74.1,0.32740440127834897,0.020698561162069768,-0.005635222639648235,-0.2933390882624199,PASSIVE_1
44,oni005m-13-1,psth.fs20-ld-st.fil0-ref-psthfr.s_stategain.S_jk.nf20-basic,st.fil0,baseline,,97.9,0.5680744755553807,0.025683436167215294,1.18689534044946,0.9501128630538647,baseline
45,oni005m-13-1,psth.fs20-ld-st.fil0-ref-psthfr.s_stategain.S_jk.nf20-basic,st.fil0,ACTIVE_1,0.005165508915738567,97.9,0.5680744755553807,0.025683436167215294,-0.11559094003071398,0.088780510828515,ACTIVE_1
46,oni005m-23-1,psth.fs20-ld-st.fil0-ref-psthfr.s_stategain.S_jk.nf20-basic,st.fil0,baseline,,85.6,0.6295320446180639,0.027838907059833735,0.023033544511743463,0.9631545865259905,baseline
47,oni005m-23-1,psth.fs20-ld-st.fil0-ref-psthfr.s_stategain.S_jk.nf20-basic,st.fil0,ACTIVE_1,0.007546134352710201,85.6,0.6295320446180639,0.027838907059833735,-0.007033498149061105,0.08037125851962086,ACTIVE_1
48,min024b-d1,psth.fs20-ld-st.fil0-ref-psthfr.s_stategain.S_jk.nf20-basic,st.fil0,baseline,,75.8,0.6371490274135413,0.01219443959433866,0.3652314489621097,0.9913734417961176,baseline
49,min024b-d1,psth.fs20-ld-st.fil0-ref-psthfr.s_stategain.S_jk.nf20-basic,st.fil0,ACTIVE_1,-0.0001579053120201739,75.8,0.6371490274135413,0.01219443959433866,-0.00048223888628920014,0.010998183183683776,ACTIVE_1
50,min024b-d1,psth.fs20-ld-st.fil0-ref-psthfr.s_stategain.S_jk.nf20-basic,st.fil0,PASSIVE_1,-8.083759649011091e-05,75.8,0.6371490274135413,0.01219443959433866,-0.01085155048804683,0.01187090967166198,PASSIVE_1
51,min025b-d1,psth.fs20-ld-st.fil0-ref-psthfr.s_stategain.S_jk.nf20-basic,st.fil0,baseline,,94.8,0.6183966078172574,0.013847422891746902,0.19444933215856455,1.025174255328127,baseline
52,min025b-d1,psth.fs20-ld-st.fil0-ref-psthfr.s_stategain.S_jk.nf20-basic,st.fil0,ACTIVE_1,0.003570829921464798,94.8,0.6183966078172574,0.013847422891746902,0.00043471284487391407,-0.047877282131978144,ACTIVE_1
53,min025b-d1,psth.fs20-ld-st.fil0-ref-psthfr.s_stategain.S_jk.nf20-basic,st.fil0,PASSIVE_1,-2.971928390282224e-05,94.8,0.6183966078172574,0.013847422891746902,0.006312452261496376,0.010353474301365137,PASSIVE_1
54,min024b-c1,psth.fs20-ld-st.fil0-ref-psthfr.s_stategain.S_jk.nf20-basic,st.fil0,baseline,,80.8,0.4981732449764812,0.013042129223486795,1.4371648786009656,1.014968544960531,baseline
55,min024b-c1,psth.fs20-ld-st.fil0-ref-psthfr.s_stategain.S_jk.nf20-basic,st.fil0,ACTIVE_1,-0.00016740362788414607,80.8,0.4981732449764812,0.013042129223486795,0.017964939787781336,-0.002920884825002126,ACTIVE_1
56,min024b-c1,psth.fs20-ld-st.fil0-ref-psthfr.s_stategain.S_jk.nf20-basic,st.fil0,PASSIVE_1,-0.00017033704650412884,80.8,0.4981732449764812,0.013042129223486795,-0.011848259666856221,-0.08882094336914956,PASSIVE_1
57,min022b-b2,psth.fs20-ld-st.fil0-ref-psthfr.s_stategain.S_jk.nf20-basic,st.fil0,baseline,,97.7,0.7597254595843059,0.01135671678674391,0.26973733296008723,0.9953082138752981,baseline
58,min022b-b2,psth.fs20-ld-st.fil0-ref-psthfr.s_stategain.S_jk.nf20-basic,st.fil0,ACTIVE_1,0.0037573402004812927,97.7,0.7597254595843059,0.01135671678674391,0.007086260660157563,0.00500031716812735,ACTIVE_1
59,min022b-b2,psth.fs20-ld-st.fil0-ref-psthfr.s_stategain.S_jk.nf20-basic,st.fil0,PASSIVE_1,-6.673846965623767e-05,97.7,0.7597254595843059,0.01135671678674391,-0.0088493958085907,0.009596237759649615,PASSIVE_1
60,min022b-a1,psth.fs20-ld-st.fil0-ref-psthfr.s_stategain.S_jk.nf20-basic,st.fil0,baseline,,83.0,0.8131596001608985,0.006955111876569707,0.20392179135620755,1.0015455508918216,baseline
61,min022b-a1,psth.fs20-ld-st.fil0-ref-psthfr.s_stategain.S_jk.nf20-basic,st.fil0,ACTIVE_1,-0.0007066146169038619,83.0,0.8131596001608985,0.006955111876569707,0.002074984340580281,-0.008732554058375655,ACTIVE_1
62,min022b-a1,psth.fs20-ld-st.fil0-ref-psthfr.s_stategain.S_jk.nf20-basic,st.fil0,PASSIVE_1,0.00012118893824617238,83.0,0.8131596001608985,0.006955111876569707,-0.02132313121861091,0.016845225240788467,PASSIVE_1
63,min023b-d1,psth.fs20-ld-st.fil0-ref-psthfr.s_stategain.S_jk.nf20-basic,st.fil0,baseline,,85.6,0.5863316438861604,0.014791013984574537,0.599401682273721,0.9945329999682901,baseline
64,min023b-d1,psth.fs20-ld-st.fil0-ref-psthfr.s_stategain.S_jk.nf20-basic,st.fil0,ACTIVE_1,-0.0011391524195242177,85.6,0.5863316438861604,0.014791013984574537,0.011065490083221295,0.007976584806226686,ACTIVE_1
65,min023b-d1,psth.fs20-ld-st.fil0-ref-psthfr.s_stategain.S_jk.nf20-basic,st.fil0,PASSIVE_1,4.9954495329732095e-05,85.6,0.5863316438861604,0.014791013984574537,0.013134809774251471,0.004446648712825079,PASSIVE_1
66,ele086b-b1,psth.fs20-ld-st.fil0-ref-psthfr.s_stategain.S_jk.nf20-basic,st.fil0,baseline,,83.8,0.4567587641830376,0.01624671624305102,0.5020332728086367,0.9015711077721015,baseline
67,ele086b-b1,psth.fs20-ld-st.fil0-ref-psthfr.s_stategain.S_jk.nf20-basic,st.fil0,ACTIVE_1,0.03160208084219523,83.8,0.4567587641830376,0.01624671624305102,0.0006019150289535452,0.026188023882764304,ACTIVE_1
68,ele086b-b1,psth.fs20-ld-st.fil0-ref-psthfr.s_stategain.S_jk.nf20-basic,st.fil0,PASSIVE_1,-0.0002035301967064196,83.8,0.4567587641830376,0.01624671624305102,-0.0006984412020642602,-0.0067434396365877005,PASSIVE_1
69,ele086b-b1,psth.fs20-ld-st.fil0-ref-psthfr.s_stategain.S_jk.nf20-basic,st.fil0,PASSIVE_2,4.7881914750354136e-05,83.8,0.4567587641830376,0.01624671624305102,0.003420041291769274,0.01333865822537993,PASSIVE_2
70,ele086b-b1,psth.fs20-ld-st.fil0-ref-psthfr.s_stategain.S_jk.nf20-basic,st.fil0,ACTIVE_2,0.07256285157498377,83.8,0.4567587641830376,0.01624671624305102,-0.0028485430545248805,-0.0030475468828997836,ACTIVE_2
71,ele086b-b1,psth.fs20-ld-st.fil0-ref-psthfr.s_stategain.S_jk.nf20-basic,st.fil0,PASSIVE_3,6.221798332340057e-05,83.8,0.4567587641830376,0.01624671624305102,-0.0012976731796961825,0.05025137001637532,PASSIVE_3
72,mar010b-a1,psth.fs20-ld-st.fil0-ref-psthfr.s_stategain.S_jk.nf20-basic,st.fil0,baseline,,91.8,0.5943598668869452,0.019746588407890564,0.22257098011629523,1.008299550233464,baseline
73,mar010b-a1,psth.fs20-ld-st.fil0-ref-psthfr.s_stategain.S_jk.nf20-basic,st.fil0,ACTIVE_1,-0.03734244679185653,91.8,0.5943598668869452,0.019746588407890564,-0.014669992344530206,0.006202806642073182,ACTIVE_1
74,mar010b-a1,psth.fs20-ld-st.fil0-ref-psthfr.s_stategain.S_jk.nf20-basic,st.fil0,PASSIVE_1,3.856846636808343e-05,91.8,0.5943598668869452,0.019746588407890564,0.007947410899228756,0.006606298152924003,PASSIVE_1
75,min022b-d1,psth.fs20-ld-st.fil0-ref-psthfr.s_stategain.S_jk.nf20-basic,st.fil0,baseline,,85.4,0.523319430147652,0.01878584624985205,1.3197695524287212,1.0146130306167165,baseline
76,min022b-d1,psth.fs20-ld-st.fil0-ref-psthfr.s_stategain.S_jk.nf20-basic,st.fil0,ACTIVE_1,0.0005478557697638753,85.4,0.523319430147652,0.01878584624985205,0.011577787867966231,-0.02541251635115252,ACTIVE_1
77,min022b-d1,psth.fs20-ld-st.fil0-ref-psthfr.s_stategain.S_jk.nf20-basic,st.fil0,PASSIVE_1,-0.00021115055095353348,85.4,0.523319430147652,0.01878584624985205,0.00564491541090784,-0.0014006396748927664,PASSIVE_1
78,min023b-b1,psth.fs20-ld-st.fil0-ref-psthfr.s_stategain.S_jk.nf20-basic,st.fil0,baseline,,73.6,0.6659317774623811,0.014965460987763994,0.6202209115948178,0.9840151993877209,baseline
79,min023b-b1,psth.fs20-ld-st.fil0-ref-psthfr.s_stategain.S_jk.nf20-basic,st.fil0,ACTIVE_1,0.0012013188337837545,73.6,0.6659317774623811,0.014965460987763994,-0.010033835673334685,0.023954967112600308,ACTIVE_1
80,min023b-b1,psth.fs20-ld-st.fil0-ref-psthfr.s_stategain.S_jk.nf20-basic,st.fil0,PASSIVE_1,-4.685878573942077e-05,73.6,0.6659317774623811,0.014965460987763994,-0.0061835826988999,0.014857154969865815,PASSIVE_1
81,mar006a-b1,psth.fs20-ld-st.fil0-ref-psthfr.s_stategain.S_jk.nf20-basic,st.fil0,baseline,,100.0,0.4208393291500367,0.03801219701748128,0.028958483678864288,1.0121783853441297,baseline
82,mar006a-b1,psth.fs20-ld-st.fil0-ref-psthfr.s_stategain.S_jk.nf20-basic,st.fil0,ACTIVE_1,0.10489021537546156,100.0,0.4208393291500367,0.03801219701748128,0.000134642125217991,-0.011670876850069711,ACTIVE_1
83,mar006a-b1,psth.fs20-ld-st.fil0-ref-psthfr.s_stategain.S_jk.nf20-basic,st.fil0,PASSIVE_1,0.0001756139308069931,100.0,0.4208393291500367,0.03801219701748128,-0.0014868993395463896,0.003826051831161964,PASSIVE_1
84,mar009b-c1,psth.fs20-ld-st.fil0-ref-psthfr.s_stategain.S_jk.nf20-basic,st.fil0,baseline,,87.4,0.6196575410776727,0.010915014698351147,0.6813184956907172,1.0227321923980868,baseline
85,mar009b-c1,psth.fs20-ld-st.fil0-ref-psthfr.s_stategain.S_jk.nf20-basic,st.fil0,ACTIVE_1,0.04257314035150382,87.4,0.6196575410776727,0.010915014698351147,-0.0014747573283619916,-0.014048561368424788,ACTIVE_1
86,mar009b-c1,psth.fs20-ld-st.fil0-ref-psthfr.s_stategain.S_jk.nf20-basic,st.fil0,PASSIVE_1,0.00034892452650066703,87.4,0.6196575410776727,0.010915014698351147,0.007231515845013241,-0.02777527869043799,PASSIVE_1
87,min021a-a2,psth.fs20-ld-st.fil0-ref-psthfr.s_stategain.S_jk.nf20-basic,st.fil0,baseline,,99.6,0.5438855438436909,0.02798497712799964,0.32334811565182725,1.0068456268804635,baseline
88,min021a-a2,psth.fs20-ld-st.fil0-ref-psthfr.s_stategain.S_jk.nf20-basic,st.fil0,ACTIVE_1,0.0024786330161095196,99.6,0.5438855438436909,0.02798497712799964,0.009878574343758202,-0.019816329063928984,ACTIVE_1
89,min021a-a2,psth.fs20-ld-st.fil0-ref-psthfr.s_stategain.S_jk.nf20-basic,st.fil0,PASSIVE_1,1.7878416273466737e-05,99.6,0.5438855438436909,0.02798497712799964,0.0007158517150237712,0.015269323850145941,PASSIVE_1
90,min021a-d1,psth.fs20-ld-st.fil0-ref-psthfr.s_stategain.S_jk.nf20-basic,st.fil0,baseline,,93.6,0.7295431468348634,0.0117013993448014,0.21999507534905485,0.9764019328646271,baseline
91,min021a-d1,psth.fs20-ld-st.fil0-ref-psthfr.s_stategain.S_jk.nf20-basic,st.fil0,ACTIVE_1,-0.005811226254862594,93.6,0.7295431468348634,0.0117013993448014,-0.007325565056922079,0.03539153390247227,ACTIVE_1
92,min021a-d1,psth.fs20-ld-st.fil0-ref-psthfr.s_stategain.S_jk.nf20-basic,st.fil0,PASSIVE_1,-0.002677776643132572,93.6,0.7295431468348634,0.0117013993448014,0.0022374350310590298,0.014924682034675684,PASSIVE_1
93,mar036a-c1,psth.fs20-ld-st.fil0-ref-psthfr.s_stategain.S_jk.nf20-basic,st.fil0,baseline,,82.5,0.6332649009823387,0.012313807755247357,1.0550847394764058,1.071566209326758,baseline
94,mar036a-c1,psth.fs20-ld-st.fil0-ref-psthfr.s_stategain.S_jk.nf20-basic,st.fil0,ACTIVE_1,0.0010750071517908538,82.5,0.6332649009823387,0.012313807755247357,0.0845535874395976,-0.06522050231068585,ACTIVE_1
95,mar036a-c1,psth.fs20-ld-st.fil0-ref-psthfr.s_stategain.S_jk.nf20-basic,st.fil0,PASSIVE_1,-0.00018618165814284456,82.5,0.6332649009823387,0.012313807755247357,-0.042680520401324445,0.05023919220067178,PASSIVE_1
96,min020a-b1,psth.fs20-ld-st.fil0-ref-psthfr.s_stategain.S_jk.nf20-basic,st.fil0,baseline,,75.8,0.7518784688253699,0.011748479348798265,0.30438912762980974,0.9953928842506367,baseline
97,min020a-b1,psth.fs20-ld-st.fil0-ref-psthfr.s_stategain.S_jk.nf20-basic,st.fil0,ACTIVE_1,0.011016786655984068,75.8,0.7518784688253699,0.011748479348798265,0.004255397008283054,-0.005395540698941751,ACTIVE_1
98,min020a-b1,psth.fs20-ld-st.fil0-ref-psthfr.s_stategain.S_jk.nf20-basic,st.fil0,PASSIVE_1,0.00014031992942346557,75.8,0.7518784688253699,0.011748479348798265,-0.01712271029387922,0.04133539031485681,PASSIVE_1
99,lim045a-24-1,psth.fs20-ld-st.fil0-ref-psthfr.s_stategain.S_jk.nf20-basic,st.fil0,baseline,,75.4,0.5341951892303245,0.017308779768079915,0.2624724483687212,0.9993898271758967,baseline
100,lim045a-24-1,psth.fs20-ld-st.fil0-ref-psthfr.s_stategain.S_jk.nf20-basic,st.fil0,ACTIVE_1,-0.0012503049110764676,75.4,0.5341951892303245,0.017308779768079915,-0.004971696552397382,0.007436976610804347,ACTIVE_1
101,lim045a-24-1,psth.fs20-ld-st.fil0-ref-psthfr.s_stategain.S_jk.nf20-basic,st.fil0,PASSIVE_1,0.0003992648439806669,75.4,0.5341951892303245,0.017308779768079915,0.010427095270953694,-0.02037566673750248,PASSIVE_1
102,lim045a-17-1,psth.fs20-ld-st.fil0-ref-psthfr.s_stategain.S_jk.nf20-basic,st.fil0,baseline,,75.5,0.44091756594682996,0.02365819762029339,0.9523962876720828,0.9153323121286098,baseline
103,lim045a-17-1,psth.fs20-ld-st.fil0-ref-psthfr.s_stategain.S_jk.nf20-basic,st.fil0,ACTIVE_1,0.0005113336782154622,75.5,0.44091756594682996,0.02365819762029339,-0.005863470434174971,0.1273099424522799,ACTIVE_1
104,lim045a-17-1,psth.fs20-ld-st.fil0-ref-psthfr.s_stategain.S_jk.nf20-basic,st.fil0,PASSIVE_1,0.00014603006993217532,75.5,0.44091756594682996,0.02365819762029339,0.01341026166523982,-0.04887204390570757,PASSIVE_1
105,lim045a-26-1,psth.fs20-ld-st.fil0-ref-psthfr.s_stategain.S_jk.nf20-basic,st.fil0,baseline,,71.6,0.5758207199550995,0.015683531338373514,0.989207321643524,0.977204595072817,baseline
106,lim045a-26-1,psth.fs20-ld-st.fil0-ref-psthfr.s_stategain.S_jk.nf20-basic,st.fil0,ACTIVE_1,-0.0021335437202435236,71.6,0.5758207199550995,0.015683531338373514,0.02888562590558814,0.07026746271118889,ACTIVE_1
107,lim045a-26-1,psth.fs20-ld-st.fil0-ref-psthfr.s_stategain.S_jk.nf20-basic,st.fil0,PASSIVE_1,-4.8937085125785106e-05,71.6,0.5758207199550995,0.015683531338373514,-0.058629268053241125,-0.1508919820658767,PASSIVE_1
108,ele090c-d2,psth.fs20-ld-st.fil0-ref-psthfr.s_stategain.S_jk.nf20-basic,st.fil0,baseline,,75.8,0.39972343772909846,0.016328822946822766,0.33441613444295637,1.0726323489280487,baseline
109,ele090c-d2,psth.fs20-ld-st.fil0-ref-psthfr.s_stategain.S_jk.nf20-basic,st.fil0,ACTIVE_1,0.014967980650437722,75.8,0.39972343772909846,0.016328822946822766,0.009529542303009602,-0.05127991418878902,ACTIVE_1
110,ele090c-d2,psth.fs20-ld-st.fil0-ref-psthfr.s_stategain.S_jk.nf20-basic,st.fil0,PASSIVE_1,-0.0001276284026354098,75.8,0.39972343772909846,0.016328822946822766,0.003369856927884741,-0.04430167258142723,PASSIVE_1
111,ele089b-c2,psth.fs20-ld-st.fil0-ref-psthfr.s_stategain.S_jk.nf20-basic,st.fil0,baseline,,84.2,0.5751575513018781,0.01950530768508276,0.12428686981099726,0.99345834250135,baseline
112,ele089b-c2,psth.fs20-ld-st.fil0-ref-psthfr.s_stategain.S_jk.nf20-basic,st.fil0,ACTIVE_1,0.015939057379477668,84.2,0.5751575513018781,0.01950530768508276,-0.004362295224563656,0.09267034721364767,ACTIVE_1
113,ele089b-c2,psth.fs20-ld-st.fil0-ref-psthfr.s_stategain.S_jk.nf20-basic,st.fil0,PASSIVE_1,0.0009478476426808719,84.2,0.5751575513018781,0.01950530768508276,-0.002494992920712557,-0.06720668113793847,PASSIVE_1
114,lim027a-16-1,psth.fs20-ld-st.fil0-ref-psthfr.s_stategain.S_jk.nf20-basic,st.fil0,baseline,,71.1,0.3295459860020581,0.018166593814608337,0.22844305547293828,0.9856213568094268,baseline
115,lim027a-16-1,psth.fs20-ld-st.fil0-ref-psthfr.s_stategain.S_jk.nf20-basic,st.fil0,ACTIVE_1,0.0005962204618332786,71.1,0.3295459860020581,0.018166593814608337,-0.002366635056811862,0.003788039772067336,ACTIVE_1
116,lim027a-16-1,psth.fs20-ld-st.fil0-ref-psthfr.s_stategain.S_jk.nf20-basic,st.fil0,PASSIVE_1,2.5165061919492808e-05,71.1,0.3295459860020581,0.018166593814608337,0.0007501789321232679,0.007181158541343953,PASSIVE_1
117,lim045a-15-1,psth.fs20-ld-st.fil0-ref-psthfr.s_stategain.S_jk.nf20-basic,st.fil0,baseline,,72.3,0.5316719638895571,0.015526346028425612,0.6711505178462267,1.01298838821966,baseline
118,lim045a-15-1,psth.fs20-ld-st.fil0-ref-psthfr.s_stategain.S_jk.nf20-basic,st.fil0,ACTIVE_1,-0.002378190704255029,72.3,0.5316719638895571,0.015526346028425612,-0.0024206710287461254,-0.02620402092682378,ACTIVE_1
119,lim045a-15-1,psth.fs20-ld-st.fil0-ref-psthfr.s_stategain.S_jk.nf20-basic,st.fil0,PASSIVE_1,5.8775681200842295e-05,72.3,0.5316719638895571,0.015526346028425612,0.005028367891608144,0.048931028383169706,PASSIVE_1
120,lim045a-11-2,psth.fs20-ld-st.fil0-ref-psthfr.s_stategain.S_jk.nf20-basic,st.fil0,baseline,,71.3,0.5050866998129,0.011272224946440479,0.3794336798900746,1.0400466287625436,baseline
121,lim045a-11-2,psth.fs20-ld-st.fil0-ref-psthfr.s_stategain.S_jk.nf20-basic,st.fil0,ACTIVE_1,0.0011900146214795081,71.3,0.5050866998129,0.011272224946440479,-0.008038932607531097,-0.0654679199697893,ACTIVE_1
122,lim045a-11-2,psth.fs20-ld-st.fil0-ref-psthfr.s_stategain.S_jk.nf20-basic,st.fil0,PASSIVE_1,4.48145675695021e-05,71.3,0.5050866998129,0.011272224946440479,-0.011779570490298099,0.04925526315298666,PASSIVE_1
123,ele089b-b1,psth.fs20-ld-st.fil0-ref-psthfr.s_stategain.S_jk.nf20-basic,st.fil0,baseline,,98.9,0.3478566980494357,0.023390081885780626,0.17509078658057137,0.9761980448088531,baseline
124,ele089b-b1,psth.fs20-ld-st.fil0-ref-psthfr.s_stategain.S_jk.nf20-basic,st.fil0,ACTIVE_1,0.06328357117303857,98.9,0.3478566980494357,0.023390081885780626,0.004328728866654858,0.012292990061502813,ACTIVE_1
125,ele089b-b1,psth.fs20-ld-st.fil0-ref-psthfr.s_stategain.S_jk.nf20-basic,st.fil0,PASSIVE_1,-0.0004627508934136095,98.9,0.3478566980494357,0.023390081885780626,0.0017487059154994763,-0.05107958973497837,PASSIVE_1
126,lim045a-11-1,psth.fs20-ld-st.fil0-ref-psthfr.s_stategain.S_jk.nf20-basic,st.fil0,baseline,,93.9,0.6894665807309883,0.018572197395651777,0.7815455351957034,0.9905135576502639,baseline
127,lim045a-11-1,psth.fs20-ld-st.fil0-ref-psthfr.s_stategain.S_jk.nf20-basic,st.fil0,ACTIVE_1,0.0025222458730669154,93.9,0.6894665807309883,0.018572197395651777,0.00018320815881929297,0.014540377903504768,ACTIVE_1
128,lim045a-11-1,psth.fs20-ld-st.fil0-ref-psthfr.s_stategain.S_jk.nf20-basic,st.fil0,PASSIVE_1,-0.0001572916964735702,93.9,0.6894665807309883,0.018572197395651777,0.0009567253319298086,0.0041965420569724295,PASSIVE_1
129,ele087a-c2,psth.fs20-ld-st.fil0-ref-psthfr.s_stategain.S_jk.nf20-basic,st.fil0,baseline,,80.0,0.43643895506863756,0.011317522555851068,1.0666536196903995,0.7493338091568184,baseline
130,ele087a-c2,psth.fs20-ld-st.fil0-ref-psthfr.s_stategain.S_jk.nf20-basic,st.fil0,ACTIVE_1,0.05363059782620147,80.0,0.43643895506863756,0.011317522555851068,-0.0239982802267807,0.0024675202543622604,ACTIVE_1
131,ele087a-c2,psth.fs20-ld-st.fil0-ref-psthfr.s_stategain.S_jk.nf20-basic,st.fil0,PASSIVE_1,0.00025723062066332233,80.0,0.43643895506863756,0.011317522555851068,-0.019448767647825733,-0.036647162416902454,PASSIVE_1
132,ele085a-c1,psth.fs20-ld-st.fil0-ref-psthfr.s_stategain.S_jk.nf20-basic,st.fil0,baseline,,82.2,0.32806501582026776,0.02242394209654847,0.5898151396652233,0.7013894842697832,baseline
133,ele085a-c1,psth.fs20-ld-st.fil0-ref-psthfr.s_stategain.S_jk.nf20-basic,st.fil0,ACTIVE_1,0.04536408183848652,82.2,0.32806501582026776,0.02242394209654847,-0.009181916764754388,-0.01788629720885171,ACTIVE_1
134,ele085a-c1,psth.fs20-ld-st.fil0-ref-psthfr.s_stategain.S_jk.nf20-basic,st.fil0,PASSIVE_1,-0.000171461533357307,82.2,0.32806501582026776,0.02242394209654847,0.0032982906900931057,0.03252795867704,PASSIVE_1
135,ele089b-c1,psth.fs20-ld-st.fil0-ref-psthfr.s_stategain.S_jk.nf20-basic,st.fil0,baseline,,90.9,0.4512506268995787,0.01891039604289497,0.5570793393742338,1.0526538780960606,baseline
136,ele089b-c1,psth.fs20-ld-st.fil0-ref-psthfr.s_stategain.S_jk.nf20-basic,st.fil0,ACTIVE_1,0.0021332874296300305,90.9,0.4512506268995787,0.01891039604289497,0.011832717458472738,-0.052308561171064236,ACTIVE_1
137,ele089b-c1,psth.fs20-ld-st.fil0-ref-psthfr.s_stategain.S_jk.nf20-basic,st.fil0,PASSIVE_1,-5.681730330117549e-05,90.9,0.4512506268995787,0.01891039604289497,-0.021422987807735234,0.07766858759006093,PASSIVE_1
138,lim045a-10-1,psth.fs20-ld-st.fil0-ref-psthfr.s_stategain.S_jk.nf20-basic,st.fil0,baseline,,71.5,0.7045981015701337,0.016299660119644954,0.3486902387858424,0.9768672335999856,baseline
139,lim045a-10-1,psth.fs20-ld-st.fil0-ref-psthfr.s_stategain.S_jk.nf20-basic,st.fil0,ACTIVE_1,0.0005853878934489481,71.5,0.7045981015701337,0.016299660119644954,-0.006139884878344631,0.027217182240927985,ACTIVE_1
140,lim045a-10-1,psth.fs20-ld-st.fil0-ref-psthfr.s_stategain.S_jk.nf20-basic,st.fil0,PASSIVE_1,4.809681600312189e-05,71.5,0.7045981015701337,0.016299660119644954,-0.011997184102533795,0.017613425463570895,PASSIVE_1
141,ele087a-b1,psth.fs20-ld-st.fil0-ref-psthfr.s_stategain.S_jk.nf20-basic,st.fil0,baseline,,88.3,0.3287969244459393,0.02147817028570436,1.5468040698061898,0.5711433223665016,baseline
142,ele087a-b1,psth.fs20-ld-st.fil0-ref-psthfr.s_stategain.S_jk.nf20-basic,st.fil0,ACTIVE_1,0.0375975253703168,88.3,0.3287969244459393,0.02147817028570436,-0.020382182129344954,-0.015553415575164275,ACTIVE_1
143,ele087a-b1,psth.fs20-ld-st.fil0-ref-psthfr.s_stategain.S_jk.nf20-basic,st.fil0,PASSIVE_1,2.6807363256832162e-05,88.3,0.3287969244459393,0.02147817028570436,-0.0014456814595910704,-0.0024665711410395766,PASSIVE_1
144,ele088a-b2,psth.fs20-ld-st.fil0-ref-psthfr.s_stategain.S_jk.nf20-basic,st.fil0,baseline,,98.1,0.49551632359952097,0.031225884795387775,0.001812179785617149,0.9789866776578698,baseline
145,ele088a-b2,psth.fs20-ld-st.fil0-ref-psthfr.s_stategain.S_jk.nf20-basic,st.fil0,ACTIVE_1,-0.036310746699554156,98.1,0.49551632359952097,0.031225884795387775,0.0021345726429225333,-0.10764339274579929,ACTIVE_1
146,ele089b-b2,psth.fs20-ld-st.fil0-ref-psthfr.s_stategain.S_jk.nf20-basic,st.fil0,baseline,,89.9,0.39427685747278507,0.021359247111967693,0.7186228067739131,0.8235224026261898,baseline
147,ele089b-b2,psth.fs20-ld-st.fil0-ref-psthfr.s_stategain.S_jk.nf20-basic,st.fil0,ACTIVE_1,0.04753082018619948,89.9,0.39427685747278507,0.021359247111967693,0.005017146554494696,0.06811929176290085,ACTIVE_1
148,ele089b-b2,psth.fs20-ld-st.fil0-ref-psthfr.s_stategain.S_jk.nf20-basic,st.fil0,PASSIVE_1,-0.0001838937506826804,89.9,0.39427685747278507,0.021359247111967693,-0.006949370174395836,-0.008837679965878207,PASSIVE_1
149,ele087b-c1,psth.fs20-ld-st.fil0-ref-psthfr.s_stategain.S_jk.nf20-basic,st.fil0,baseline,,98.9,0.586214838890404,0.01961797404459031,1.3064634778165498,0.8575239439350189,baseline
150,ele087b-c1,psth.fs20-ld-st.fil0-ref-psthfr.s_stategain.S_jk.nf20-basic,st.fil0,ACTIVE_1,0.050263244395202765,98.9,0.586214838890404,0.01961797404459031,0.002723889275584478,-0.07488536227223054,ACTIVE_1
151,ele087b-c1,psth.fs20-ld-st.fil0-ref-psthfr.s_stategain.S_jk.nf20-basic,st.fil0,PASSIVE_1,-0.0002546551222727722,98.9,0.586214838890404,0.01961797404459031,0.02959537738350391,0.06968497574676288,PASSIVE_1
152,ele081a-a1,psth.fs20-ld-st.fil0-ref-psthfr.s_stategain.S_jk.nf20-basic,st.fil0,baseline,,87.6,0.6664890639798131,0.01094658076287075,1.5706147160646093,0.940895511001371,baseline
153,ele081a-a1,psth.fs20-ld-st.fil0-ref-psthfr.s_stategain.S_jk.nf20-basic,st.fil0,ACTIVE_1,0.05376397459131827,87.6,0.6664890639798131,0.01094658076287075,-0.02476219739471986,0.02849154202660295,ACTIVE_1
154,ele081a-a1,psth.fs20-ld-st.fil0-ref-psthfr.s_stategain.S_jk.nf20-basic,st.fil0,PASSIVE_1,9.334802574443061e-05,87.6,0.6664890639798131,0.01094658076287075,-0.02853549439600019,0.0029490198532915535,PASSIVE_1
155,ele073b-d1,psth.fs20-ld-st.fil0-ref-psthfr.s_stategain.S_jk.nf20-basic,st.fil0,baseline,,99.8,0.35458811106880017,0.020062571634002425,0.006218195041934197,1.0203412887142065,baseline
156,ele073b-d1,psth.fs20-ld-st.fil0-ref-psthfr.s_stategain.S_jk.nf20-basic,st.fil0,ACTIVE_1,0.010911185738763356,99.8,0.35458811106880017,0.020062571634002425,0.0020037045440826455,0.023385739815051522,ACTIVE_1
157,ele073b-d1,psth.fs20-ld-st.fil0-ref-psthfr.s_stategain.S_jk.nf20-basic,st.fil0,PASSIVE_1,-0.00024613355413545594,99.8,0.35458811106880017,0.020062571634002425,-0.0006985461333011066,-0.15060227205486543,PASSIVE_1
158,ele086b-c2,psth.fs20-ld-st.fil0-ref-psthfr.s_stategain.S_jk.nf20-basic,st.fil0,baseline,,82.0,0.49730221261538554,0.019837181983557464,0.22420031072847807,0.9784325538736786,baseline
159,ele086b-c2,psth.fs20-ld-st.fil0-ref-psthfr.s_stategain.S_jk.nf20-basic,st.fil0,ACTIVE_1,0.010934003427759778,82.0,0.49730221261538554,0.019837181983557464,0.0004894952099131274,-0.054397154683658897,ACTIVE_1
160,ele086b-c2,psth.fs20-ld-st.fil0-ref-psthfr.s_stategain.S_jk.nf20-basic,st.fil0,PASSIVE_1,0.00019890980880559128,82.0,0.49730221261538554,0.019837181983557464,0.005550520909824639,-0.009897285099187867,PASSIVE_1
161,ele073b-c1,psth.fs20-ld-st.fil0-ref-psthfr.s_stategain.S_jk.nf20-basic,st.fil0,baseline,,95.6,0.5487092182793799,0.014695452789324662,0.4562496753979481,0.8642446992178971,baseline
162,ele073b-c1,psth.fs20-ld-st.fil0-ref-psthfr.s_stategain.S_jk.nf20-basic,st.fil0,ACTIVE_1,0.009126581569586576,95.6,0.5487092182793799,0.014695452789324662,0.00975405344726494,-0.003039294930371406,ACTIVE_1
163,ele073b-c1,psth.fs20-ld-st.fil0-ref-psthfr.s_stategain.S_jk.nf20-basic,st.fil0,PASSIVE_1,0.0001032853349187565,95.6,0.5487092182793799,0.014695452789324662,0.0031104888159273793,0.06658516318601224,PASSIVE_1
164,ele073b-c1,psth.fs20-ld-st.fil0-ref-psthfr.s_stategain.S_jk.nf20-basic,st.fil0,ACTIVE_2,-0.0011989985980800514,95.6,0.5487092182793799,0.014695452789324662,-0.00019364128926698272,0.016206877753399473,ACTIVE_2
165,ele080b-b1,psth.fs20-ld-st.fil0-ref-psthfr.s_stategain.S_jk.nf20-basic,st.fil0,baseline,,78.6,0.39138126746996055,0.018968049219782908,0.636542082011294,0.9254448821332462,baseline
166,ele080b-b1,psth.fs20-ld-st.fil0-ref-psthfr.s_stategain.S_jk.nf20-basic,st.fil0,ACTIVE_1,0.027256416086558054,78.6,0.39138126746996055,0.018968049219782908,-0.021022524605917768,0.07405101172456643,ACTIVE_1
167,ele080b-b1,psth.fs20-ld-st.fil0-ref-psthfr.s_stategain.S_jk.nf20-basic,st.fil0,PASSIVE_1,0.00021156057457362044,78.6,0.39138126746996055,0.018968049219782908,0.010959512843783574,-0.06708802994510381,PASSIVE_1
168,ele069b-c1,psth.fs20-ld-st.fil0-ref-psthfr.s_stategain.S_jk.nf20-basic,st.fil0,baseline,,80.2,0.4412729905993946,0.019678572822259557,0.431836465040831,0.8894748794512342,baseline
169,ele069b-c1,psth.fs20-ld-st.fil0-ref-psthfr.s_stategain.S_jk.nf20-basic,st.fil0,ACTIVE_1,-0.003756462541967035,80.2,0.4412729905993946,0.019678572822259557,-0.006421385867684258,0.0023783658812935064,ACTIVE_1
170,ele069b-c1,psth.fs20-ld-st.fil0-ref-psthfr.s_stategain.S_jk.nf20-basic,st.fil0,PASSIVE_1,0.00022056263988318983,80.2,0.4412729905993946,0.019678572822259557,-0.0009526760694195544,-0.023948785703474206,PASSIVE_1
171,ele066d-b1,psth.fs20-ld-st.fil0-ref-psthfr.s_stategain.S_jk.nf20-basic,st.fil0,baseline,,95.8,0.6861791492159356,0.0185242620043949,0.4338072762150835,1.0401971623919484,baseline
172,ele066d-b1,psth.fs20-ld-st.fil0-ref-psthfr.s_stategain.S_jk.nf20-basic,st.fil0,ACTIVE_1,0.3865123713923364,95.8,0.6861791492159356,0.0185242620043949,0.02045343430465456,-0.02919114561742071,ACTIVE_1
173,ele066d-b1,psth.fs20-ld-st.fil0-ref-psthfr.s_stategain.S_jk.nf20-basic,st.fil0,PASSIVE_1,0.3841648295388745,95.8,0.6861791492159356,0.0185242620043949,0.00569565112695681,-0.023391348052518777,PASSIVE_1
174,ele069b-d1,psth.fs20-ld-st.fil0-ref-psthfr.s_stategain.S_jk.nf20-basic,st.fil0,baseline,,77.7,0.37154717709772733,0.014253339335790706,0.6138537648459175,0.8601725997062312,baseline
175,ele069b-d1,psth.fs20-ld-st.fil0-ref-psthfr.s_stategain.S_jk.nf20-basic,st.fil0,ACTIVE_1,-0.0005175848236499704,77.7,0.37154717709772733,0.014253339335790706,-0.019294904954751516,0.026038994286865312,ACTIVE_1
176,ele069b-d1,psth.fs20-ld-st.fil0-ref-psthfr.s_stategain.S_jk.nf20-basic,st.fil0,PASSIVE_1,-2.1904387924912727e-06,77.7,0.37154717709772733,0.014253339335790706,-0.014594631314384775,-0.01847602151832696,PASSIVE_1
177,ele066b-a1,psth.fs20-ld-st.fil0-ref-psthfr.s_stategain.S_jk.nf20-basic,st.fil0,baseline,,94.9,0.6985691114476357,0.01663717825479135,1.4178990032831815,0.8737110600644371,baseline
178,ele066b-a1,psth.fs20-ld-st.fil0-ref-psthfr.s_stategain.S_jk.nf20-basic,st.fil0,ACTIVE_1,0.19772720451611026,94.9,0.6985691114476357,0.01663717825479135,-0.012662820692345663,-0.009730937082213066,ACTIVE_1
179,ele066b-a1,psth.fs20-ld-st.fil0-ref-psthfr.s_stategain.S_jk.nf20-basic,st.fil0,PASSIVE_1,0.0006941522578802515,94.9,0.6985691114476357,0.01663717825479135,-0.02397024585013948,-0.0105063367026239,PASSIVE_1
180,ele061c-c2,psth.fs20-ld-st.fil0-ref-psthfr.s_stategain.S_jk.nf20-basic,st.fil0,baseline,,98.4,0.2558770567773411,0.022299909235124538,1.4362191890027625,0.5482138608710408,baseline
181,ele061c-c2,psth.fs20-ld-st.fil0-ref-psthfr.s_stategain.S_jk.nf20-basic,st.fil0,ACTIVE_1,0.023098362835282486,98.4,0.2558770567773411,0.022299909235124538,-0.004584182404094938,0.06565678460206263,ACTIVE_1
182,ele061c-c2,psth.fs20-ld-st.fil0-ref-psthfr.s_stategain.S_jk.nf20-basic,st.fil0,PASSIVE_1,-9.832165757786267e-05,98.4,0.2558770567773411,0.022299909235124538,0.02427247082287455,0.04832220323396211,PASSIVE_1
183,ele026b-c1,psth.fs20-ld-st.fil0-ref-psthfr.s_stategain.S_jk.nf20-basic,st.fil0,baseline,,98.0,0.34951525024233565,0.014508681441692916,0.6422845016024967,0.807088797546536,baseline
184,ele026b-c1,psth.fs20-ld-st.fil0-ref-psthfr.s_stategain.S_jk.nf20-basic,st.fil0,ACTIVE_1,0.004171862497481192,98.0,0.34951525024233565,0.014508681441692916,0.013583340191643607,0.018620530510543378,ACTIVE_1
185,ele026b-c1,psth.fs20-ld-st.fil0-ref-psthfr.s_stategain.S_jk.nf20-basic,st.fil0,PASSIVE_1,-0.00024304325395859078,98.0,0.34951525024233565,0.014508681441692916,-0.02040967338924857,0.05681045457903895,PASSIVE_1
186,ele026b-b1,psth.fs20-ld-st.fil0-ref-psthfr.s_stategain.S_jk.nf20-basic,st.fil0,baseline,,82.4,0.2580314875513792,0.02144876492288522,0.6949085503835464,0.7409138802580221,baseline
187,ele026b-b1,psth.fs20-ld-st.fil0-ref-psthfr.s_stategain.S_jk.nf20-basic,st.fil0,ACTIVE_1,0.006181396378644897,82.4,0.2580314875513792,0.02144876492288522,-0.005288354429607536,-0.03391245671624653,ACTIVE_1
188,ele026b-b1,psth.fs20-ld-st.fil0-ref-psthfr.s_stategain.S_jk.nf20-basic,st.fil0,PASSIVE_1,0.0001725305348449807,82.4,0.2580314875513792,0.02144876492288522,-0.023486523384407414,-0.05234135676170311,PASSIVE_1
189,ele061b-b1,psth.fs20-ld-st.fil0-ref-psthfr.s_stategain.S_jk.nf20-basic,st.fil0,baseline,,77.9,0.40193188329274393,0.014453919739326278,0.6634706644335253,0.8103302169213492,baseline
190,ele061b-b1,psth.fs20-ld-st.fil0-ref-psthfr.s_stategain.S_jk.nf20-basic,st.fil0,ACTIVE_1,0.031140767550120404,77.9,0.40193188329274393,0.014453919739326278,0.015198722219618935,0.025237208569757464,ACTIVE_1
191,ele061b-b1,psth.fs20-ld-st.fil0-ref-psthfr.s_stategain.S_jk.nf20-basic,st.fil0,PASSIVE_1,-0.00021567374425988584,77.9,0.40193188329274393,0.014453919739326278,-0.001921268212595955,-0.028318819936628187,PASSIVE_1
192,ele072a-d1,psth.fs20-ld-st.fil0-ref-psthfr.s_stategain.S_jk.nf20-basic,st.fil0,baseline,,74.1,0.5250719909806875,0.019762872747008838,0.22294021718889329,0.98281447207745,baseline
193,ele072a-d1,psth.fs20-ld-st.fil0-ref-psthfr.s_stategain.S_jk.nf20-basic,st.fil0,ACTIVE_1,-0.018906399832020016,74.1,0.5250719909806875,0.019762872747008838,-0.00827538939153112,-0.02535928598576571,ACTIVE_1
194,ele061c-c1,psth.fs20-ld-st.fil0-ref-psthfr.s_stategain.S_jk.nf20-basic,st.fil0,baseline,,77.3,0.23773036033950268,0.014613884410687526,1.0836474363280122,0.6319834960303189,baseline
195,ele061c-c1,psth.fs20-ld-st.fil0-ref-psthfr.s_stategain.S_jk.nf20-basic,st.fil0,ACTIVE_1,0.014639220102446813,77.3,0.23773036033950268,0.014613884410687526,0.027985030795225862,-0.05837870311507263,ACTIVE_1
196,ele061c-c1,psth.fs20-ld-st.fil0-ref-psthfr.s_stategain.S_jk.nf20-basic,st.fil0,PASSIVE_1,-0.00022079164790740697,77.3,0.23773036033950268,0.014613884410687526,0.028179679958414007,0.0456770893921972,PASSIVE_1
197,ele055c-b1,psth.fs20-ld-st.fil0-ref-psthfr.s_stategain.S_jk.nf20-basic,st.fil0,baseline,,97.6,0.38053735656870286,0.02412115173002476,0.6887933350975188,0.6853925535128428,baseline
198,ele055c-b1,psth.fs20-ld-st.fil0-ref-psthfr.s_stategain.S_jk.nf20-basic,st.fil0,ACTIVE_1,0.023081274778875362,97.6,0.38053735656870286,0.02412115173002476,-0.002123312891397791,0.00012462890435135167,ACTIVE_1
199,ele055c-b1,psth.fs20-ld-st.fil0-ref-psthfr.s_stategain.S_jk.nf20-basic,st.fil0,PASSIVE_1,-0.00014317175227835814,97.6,0.38053735656870286,0.02412115173002476,-0.006136715039758981,-0.01111397016188757,PASSIVE_1
200,ele055c-b2,psth.fs20-ld-st.fil0-ref-psthfr.s_stategain.S_jk.nf20-basic,st.fil0,baseline,,78.2,0.28128694699559104,0.028959966206209546,0.5044020942018363,0.7398005547746613,baseline
201,ele055c-b2,psth.fs20-ld-st.fil0-ref-psthfr.s_stategain.S_jk.nf20-basic,st.fil0,ACTIVE_1,0.020214849551010737,78.2,0.28128694699559104,0.028959966206209546,-0.007189943383921408,-0.07013899141801556,ACTIVE_1
202,ele055c-b2,psth.fs20-ld-st.fil0-ref-psthfr.s_stategain.S_jk.nf20-basic,st.fil0,PASSIVE_1,-0.00010917799540247625,78.2,0.28128694699559104,0.028959966206209546,-0.019351837358910044,-0.07134635231147156,PASSIVE_1
203,ele064b-c2,psth.fs20-ld-st.fil0-ref-psthfr.s_stategain.S_jk.nf20-basic,st.fil0,baseline,,79.3,0.32347037025055936,0.014976207441417377,0.6799943757359397,0.9243220396444929,baseline
204,ele064b-c2,psth.fs20-ld-st.fil0-ref-psthfr.s_stategain.S_jk.nf20-basic,st.fil0,ACTIVE_1,0.021605920339413585,79.3,0.32347037025055936,0.014976207441417377,-0.02446736409922031,0.05274236379556677,ACTIVE_1
205,ele064b-c2,psth.fs20-ld-st.fil0-ref-psthfr.s_stategain.S_jk.nf20-basic,st.fil0,PASSIVE_1,-7.224954837592886e-05,79.3,0.32347037025055936,0.014976207441417377,0.01565760338834426,-0.10906128104959907,PASSIVE_1
206,ele056c-a1,psth.fs20-ld-st.fil0-ref-psthfr.s_stategain.S_jk.nf20-basic,st.fil0,baseline,,71.2,0.37173765430989336,0.023224471580919104,0.4960468932893833,0.8268067980016488,baseline
207,ele056c-a1,psth.fs20-ld-st.fil0-ref-psthfr.s_stategain.S_jk.nf20-basic,st.fil0,ACTIVE_1,0.03291905608614837,71.2,0.37173765430989336,0.023224471580919104,-0.009074949540151023,0.0030766782844423224,ACTIVE_1
208,ele056c-a1,psth.fs20-ld-st.fil0-ref-psthfr.s_stategain.S_jk.nf20-basic,st.fil0,PASSIVE_1,0.0002276982988124142,71.2,0.37173765430989336,0.023224471580919104,-0.0044210944506617,-0.04963587572355409,PASSIVE_1
209,ele057b-b1,psth.fs20-ld-st.fil0-ref-psthfr.s_stategain.S_jk.nf20-basic,st.fil0,baseline,,75.5,0.3737701962823342,0.018195765952448054,0.8753570848044687,0.8335417681247765,baseline
210,ele057b-b1,psth.fs20-ld-st.fil0-ref-psthfr.s_stategain.S_jk.nf20-basic,st.fil0,ACTIVE_1,0.02312419257731187,75.5,0.3737701962823342,0.018195765952448054,-0.017886018768639853,0.03759285363583224,ACTIVE_1
211,ele057b-b1,psth.fs20-ld-st.fil0-ref-psthfr.s_stategain.S_jk.nf20-basic,st.fil0,PASSIVE_1,-0.00015388114696602672,75.5,0.3737701962823342,0.018195765952448054,-0.001143209908063452,-0.006999965277049417,PASSIVE_1
212,ele056d-c2,psth.fs20-ld-st.fil0-ref-psthfr.s_stategain.S_jk.nf20-basic,st.fil0,baseline,,74.4,0.4526378131886209,0.017704620878334527,1.0992594786932117,0.6611783659374526,baseline
213,ele056d-c2,psth.fs20-ld-st.fil0-ref-psthfr.s_stategain.S_jk.nf20-basic,st.fil0,ACTIVE_1,0.012882049763672961,74.4,0.4526378131886209,0.017704620878334527,-0.016057013500589384,0.014391221228458585,ACTIVE_1
214,ele056d-c2,psth.fs20-ld-st.fil0-ref-psthfr.s_stategain.S_jk.nf20-basic,st.fil0,PASSIVE_1,-2.8344007667594002e-05,74.4,0.4526378131886209,0.017704620878334527,-0.00026731352849386264,0.06748036156388362,PASSIVE_1
215,ele056d-c1,psth.fs20-ld-st.fil0-ref-psthfr.s_stategain.S_jk.nf20-basic,st.fil0,baseline,,87.3,0.5966397224459898,0.01424627999634688,0.8239863019317972,0.9952281198433696,baseline
216,ele056d-c1,psth.fs20-ld-st.fil0-ref-psthfr.s_stategain.S_jk.nf20-basic,st.fil0,ACTIVE_1,0.00656510942349782,87.3,0.5966397224459898,0.01424627999634688,-0.0058140052698607515,-0.012230484319051547,ACTIVE_1
217,ele056d-c1,psth.fs20-ld-st.fil0-ref-psthfr.s_stategain.S_jk.nf20-basic,st.fil0,PASSIVE_1,0.0001842706239184034,87.3,0.5966397224459898,0.01424627999634688,-0.02393293661765132,0.06668835326088744,PASSIVE_1
218,ele027a-a2,psth.fs20-ld-st.fil0-ref-psthfr.s_stategain.S_jk.nf20-basic,st.fil0,baseline,,70.4,0.35998771663997353,0.01941870106452597,0.37784359785449306,0.7910501477626685,baseline
219,ele027a-a2,psth.fs20-ld-st.fil0-ref-psthfr.s_stategain.S_jk.nf20-basic,st.fil0,ACTIVE_1,0.008964199754326387,70.4,0.35998771663997353,0.01941870106452597,-0.008307943450179572,0.05893039498440311,ACTIVE_1
220,ele027a-a2,psth.fs20-ld-st.fil0-ref-psthfr.s_stategain.S_jk.nf20-basic,st.fil0,PASSIVE_1,-2.1689025169772152e-05,70.4,0.35998771663997353,0.01941870106452597,0.0040744598962935644,-0.010857816234300868,PASSIVE_1
221,ele027a-a1,psth.fs20-ld-st.fil0-ref-psthfr.s_stategain.S_jk.nf20-basic,st.fil0,baseline,,98.3,0.4764864278213518,0.034308934364975126,0.19175080824501212,0.9567353486032578,baseline
222,ele027a-a1,psth.fs20-ld-st.fil0-ref-psthfr.s_stategain.S_jk.nf20-basic,st.fil0,ACTIVE_1,0.02187856175519178,98.3,0.4764864278213518,0.034308934364975126,0.0004798066005241325,0.04761729036975136,ACTIVE_1
223,ele027a-a1,psth.fs20-ld-st.fil0-ref-psthfr.s_stategain.S_jk.nf20-basic,st.fil0,PASSIVE_1,6.984148073623477e-05,98.3,0.4764864278213518,0.034308934364975126,0.0013785730901548674,-0.02102039772919857,PASSIVE_1
224,min025b-d2,psth.fs20-ld-st.fil-ref-psthfr.s_stategain.S_jk.nf20-basic,st.fil,baseline,,74.4,0.6757961449522031,0.012333161727273107,0.7562435516894024,1.0668427203004778,baseline
225,min025b-d2,psth.fs20-ld-st.fil-ref-psthfr.s_stategain.S_jk.nf20-basic,st.fil,ACTIVE_1,-0.040926376642002237,74.4,0.6757961449522031,0.012333161727273107,-0.03139035728383794,-0.21158447866554786,ACTIVE_1
226,min025b-d2,psth.fs20-ld-st.fil-ref-psthfr.s_stategain.S_jk.nf20-basic,st.fil,PASSIVE_1,-0.24679185101693196,74.4,0.6757961449522031,0.012333161727273107,-0.3626626901383481,-0.11123639234253066,PASSIVE_1
227,min025b-d1,psth.fs20-ld-st.fil-ref-psthfr.s_stategain.S_jk.nf20-basic,st.fil,baseline,,94.8,0.625063829517774,0.013499928125493308,0.17287007872943203,0.9842213352539675,baseline
228,min025b-d1,psth.fs20-ld-st.fil-ref-psthfr.s_stategain.S_jk.nf20-basic,st.fil,ACTIVE_1,0.08852323561983859,94.8,0.625063829517774,0.013499928125493308,0.10957865948835663,-0.2664554753349214,ACTIVE_1
229,min025b-d1,psth.fs20-ld-st.fil-ref-psthfr.s_stategain.S_jk.nf20-basic,st.fil,PASSIVE_1,0.06626128973493062,94.8,0.625063829517774,0.013499928125493308,0.027136691184285116,0.12370479265279255,PASSIVE_1
230,mar014c-b2,psth.fs20-ld-st.fil-ref-psthfr.s_stategain.S_jk.nf20-basic,st.fil,baseline,,74.9,0.7242090001032977,0.011536619443431474,1.4198509000092439,1.266655654617613,baseline
231,mar014c-b2,psth.fs20-ld-st.fil-ref-psthfr.s_stategain.S_jk.nf20-basic,st.fil,ACTIVE_1,-0.18539561461706885,74.9,0.7242090001032977,0.011536619443431474,-0.47806558390937354,-0.6336131552849419,ACTIVE_1
232,mar014c-b2,psth.fs20-ld-st.fil-ref-psthfr.s_stategain.S_jk.nf20-basic,st.fil,PASSIVE_1,-0.40398101063879077,74.9,0.7242090001032977,0.011536619443431474,-0.8165476491453421,-0.6114815341000329,PASSIVE_1
233,mar012b-c1,psth.fs20-ld-st.fil-ref-psthfr.s_stategain.S_jk.nf20-basic,st.fil,baseline,,85.9,0.6242734260982559,0.011726229836394894,0.5517046630056193,1.0410651009504606,baseline
234,mar012b-c1,psth.fs20-ld-st.fil-ref-psthfr.s_stategain.S_jk.nf20-basic,st.fil,ACTIVE_1,-0.03162102418144165,85.9,0.6242734260982559,0.011726229836394894,-0.12386289094910788,0.18277625660386118,ACTIVE_1
235,mar012b-c1,psth.fs20-ld-st.fil-ref-psthfr.s_stategain.S_jk.nf20-basic,st.fil,PASSIVE_1,-0.2837085815473756,85.9,0.6242734260982559,0.011726229836394894,-0.3057517928357454,-0.2275665637438599,PASSIVE_1
236,mar012b-a2,psth.fs20-ld-st.fil-ref-psthfr.s_stategain.S_jk.nf20-basic,st.fil,baseline,,75.7,0.6378993710842119,0.016319809141825337,0.14018404452207708,0.8052616651490881,baseline
237,mar012b-a2,psth.fs20-ld-st.fil-ref-psthfr.s_stategain.S_jk.nf20-basic,st.fil,ACTIVE_1,0.3793048090324157,75.7,0.6378993710842119,0.016319809141825337,0.2665251288330157,0.5164439402028334,ACTIVE_1
238,mar012b-a2,psth.fs20-ld-st.fil-ref-psthfr.s_stategain.S_jk.nf20-basic,st.fil,PASSIVE_1,0.08161253924271825,75.7,0.6378993710842119,0.016319809141825337,0.027250694127505182,0.13429931526850283,PASSIVE_1
239,ele073b-c2,psth.fs20-ld-st.fil-ref-psthfr.s_stategain.S_jk.nf20-basic,st.fil,baseline,,76.4,0.4765365455398423,0.01648867237118927,0.9939796473894582,0.7196009575006721,baseline
240,ele073b-c2,psth.fs20-ld-st.fil-ref-psthfr.s_stategain.S_jk.nf20-basic,st.fil,ACTIVE_1,0.034871248384981485,76.4,0.4765365455398423,0.01648867237118927,-0.04335313630624123,0.3011863005587737,ACTIVE_1
241,ele073b-c2,psth.fs20-ld-st.fil-ref-psthfr.s_stategain.S_jk.nf20-basic,st.fil,PASSIVE_1,0.130029229860335,76.4,0.4765365455398423,0.01648867237118927,0.36968852529141005,0.05024558936013966,PASSIVE_1
242,ele068a-c1,psth.fs20-ld-st.fil-ref-psthfr.s_stategain.S_jk.nf20-basic,st.fil,baseline,,77.8,0.5143808224251742,0.011733584696709525,0.3586270256271175,1.007133082153479,baseline
243,ele068a-c1,psth.fs20-ld-st.fil-ref-psthfr.s_stategain.S_jk.nf20-basic,st.fil,ACTIVE_1,0.01281566121053644,77.8,0.5143808224251742,0.011733584696709525,0.03612990705446077,-0.21444143084059347,ACTIVE_1
244,ele068a-c1,psth.fs20-ld-st.fil-ref-psthfr.s_stategain.S_jk.nf20-basic,st.fil,PASSIVE_1,-0.02897796558466086,77.8,0.5143808224251742,0.011733584696709525,-0.019144626984653714,-0.06656065053565226,PASSIVE_1
245,ele055c-a1,psth.fs20-ld-st.fil-ref-psthfr.s_stategain.S_jk.nf20-basic,st.fil,baseline,,98.7,0.37950077981843466,0.04786460687753692,0.08619950008102362,0.4754512022993108,baseline
246,ele055c-a1,psth.fs20-ld-st.fil-ref-psthfr.s_stategain.S_jk.nf20-basic,st.fil,ACTIVE_1,0.46798332338249315,98.7,0.37950077981843466,0.04786460687753692,0.13201864879531078,0.595557314547843,ACTIVE_1
247,ele055c-a1,psth.fs20-ld-st.fil-ref-psthfr.s_stategain.S_jk.nf20-basic,st.fil,PASSIVE_1,0.30568304939859664,98.7,0.37950077981843466,0.04786460687753692,0.07427474767742544,0.3125391472607467,PASSIVE_1
248,ele055a-b2,psth.fs20-ld-st.fil-ref-psthfr.s_stategain.S_jk.nf20-basic,st.fil,baseline,,74.1,0.4436789462876411,0.0343516780086793,0.09234445130844192,0.38092813401809633,baseline
249,ele055a-b2,psth.fs20-ld-st.fil-ref-psthfr.s_stategain.S_jk.nf20-basic,st.fil,ACTIVE_1,0.51790279266062,74.1,0.4436789462876411,0.0343516780086793,0.18529823870771003,0.7900683248277582,ACTIVE_1
250,ele055a-b2,psth.fs20-ld-st.fil-ref-psthfr.s_stategain.S_jk.nf20-basic,st.fil,PASSIVE_1,0.49345936937598855,74.1,0.4436789462876411,0.0343516780086793,0.18268624975823666,0.5157990563870194,PASSIVE_1
251,ele064b-c2,psth.fs20-ld-st.fil-ref-psthfr.s_stategain.S_jk.nf20-basic,st.fil,baseline,,79.3,0.7402433040050316,0.0072921421925143835,0.29926559575060446,0.384281617936357,baseline
252,ele064b-c2,psth.fs20-ld-st.fil-ref-psthfr.s_stategain.S_jk.nf20-basic,st.fil,ACTIVE_1,0.37202920527874817,79.3,0.7402433040050316,0.0072921421925143835,0.290147728431115,0.8067300537276758,ACTIVE_1
253,ele064b-c2,psth.fs20-ld-st.fil-ref-psthfr.s_stategain.S_jk.nf20-basic,st.fil,PASSIVE_1,0.5826612383473706,79.3,0.7402433040050316,0.0072921421925143835,0.8556724010324037,0.77598460206535,PASSIVE_1
254,ele050b-a1,psth.fs20-ld-st.fil-ref-psthfr.s_stategain.S_jk.nf20-basic,st.fil,baseline,,81.8,0.7005122335705811,0.008170536352468996,1.0599806633509796,0.9700872128502589,baseline
255,ele050b-a1,psth.fs20-ld-st.fil-ref-psthfr.s_stategain.S_jk.nf20-basic,st.fil,ACTIVE_1,0.014342479926399147,81.8,0.7005122335705811,0.008170536352468996,0.04096532504868485,0.010428734690384765,ACTIVE_1
256,ele050b-a1,psth.fs20-ld-st.fil-ref-psthfr.s_stategain.S_jk.nf20-basic,st.fil,PASSIVE_1,-0.03191743147051445,81.8,0.7005122335705811,0.008170536352468996,-0.06596207174489349,-0.058745915558632254,PASSIVE_1
257,ele055a-b1,psth.fs20-ld-st.fil-ref-psthfr.s_stategain.S_jk.nf20-basic,st.fil,baseline,,95.9,0.42268453834878955,0.019503604018377425,1.316115793326439,0.5735732372641239,baseline
258,ele055a-b1,psth.fs20-ld-st.fil-ref-psthfr.s_stategain.S_jk.nf20-basic,st.fil,ACTIVE_1,-0.034042666273222714,95.9,0.42268453834878955,0.019503604018377425,-0.015469555623739495,0.1804541356514618,ACTIVE_1
259,ele055a-b1,psth.fs20-ld-st.fil-ref-psthfr.s_stategain.S_jk.nf20-basic,st.fil,PASSIVE_1,-0.11335073242725131,95.9,0.42268453834878955,0.019503604018377425,-0.2339924493641305,-0.0562918243979811,PASSIVE_1
260,oni005m-23-1,psth.fs20-ld-st.fil-ref-psthfr.s_stategain.S_jk.nf20-basic,st.fil,baseline,,85.6,0.6415541266250167,0.030805730357656918,0.020704666513313652,0.9097928533722539,baseline
261,oni005m-23-1,psth.fs20-ld-st.fil-ref-psthfr.s_stategain.S_jk.nf20-basic,st.fil,ACTIVE_1,0.12802302045812655,85.6,0.6415541266250167,0.030805730357656918,0.0009618484492255851,0.2755551377856449,ACTIVE_1
262,oni005m-13-1,psth.fs20-ld-st.fil-ref-psthfr.s_stategain.S_jk.nf20-basic,st.fil,baseline,,97.9,0.7068475411017111,0.01750527575079946,0.9022821406364752,0.9742506594137514,baseline
263,oni005m-13-1,psth.fs20-ld-st.fil-ref-psthfr.s_stategain.S_jk.nf20-basic,st.fil,ACTIVE_1,0.1958537676506448,97.9,0.7068475411017111,0.01750527575079946,1.0572695894068256,0.017504045285092903,ACTIVE_1
264,min040c-b1,psth.fs20-ld-st.fil-ref-psthfr.s_stategain.S_jk.nf20-basic,st.fil,baseline,,89.3,0.5716554577402547,0.012883886320107438,0.3403101530727143,1.0665816703323479,baseline
265,min040c-b1,psth.fs20-ld-st.fil-ref-psthfr.s_stategain.S_jk.nf20-basic,st.fil,ACTIVE_1,0.054380545115678344,89.3,0.5716554577402547,0.012883886320107438,-0.021285740919337465,-0.06640006081599407,ACTIVE_1
266,min040c-b1,psth.fs20-ld-st.fil-ref-psthfr.s_stategain.S_jk.nf20-basic,st.fil,PASSIVE_1,-0.06667628801709635,89.3,0.5716554577402547,0.012883886320107438,-0.042525864653415034,-0.13327265634932967,PASSIVE_1
267,min025b-a1,psth.fs20-ld-st.fil-ref-psthfr.s_stategain.S_jk.nf20-basic,st.fil,baseline,,97.1,0.69831632568581,0.014628868839247454,0.4731766717204036,0.913654595829561,baseline
268,min025b-a1,psth.fs20-ld-st.fil-ref-psthfr.s_stategain.S_jk.nf20-basic,st.fil,ACTIVE_1,0.12385033564411346,97.1,0.69831632568581,0.014628868839247454,0.21174662370429945,-0.06050247853003177,ACTIVE_1
269,min025b-a1,psth.fs20-ld-st.fil-ref-psthfr.s_stategain.S_jk.nf20-basic,st.fil,PASSIVE_1,0.1316235592321631,97.1,0.69831632568581,0.014628868839247454,0.15010260269366565,0.24707079077804442,PASSIVE_1
270,min024b-d1,psth.fs20-ld-st.fil-ref-psthfr.s_stategain.S_jk.nf20-basic,st.fil,baseline,,75.8,0.6805010180910454,0.010118830321998768,0.3496937851773916,0.9787994650154175,baseline
271,min024b-d1,psth.fs20-ld-st.fil-ref-psthfr.s_stategain.S_jk.nf20-basic,st.fil,ACTIVE_1,0.15781023829780377,75.8,0.6805010180910454,0.010118830321998768,0.1557169058734839,0.2719806164207295,ACTIVE_1
272,min024b-d1,psth.fs20-ld-st.fil-ref-psthfr.s_stategain.S_jk.nf20-basic,st.fil,PASSIVE_1,-0.0548638001285735,75.8,0.6805010180910454,0.010118830321998768,-0.042311010380945875,-0.07935249450452123,PASSIVE_1
273,min024b-c1,psth.fs20-ld-st.fil-ref-psthfr.s_stategain.S_jk.nf20-basic,st.fil,baseline,,80.8,0.5491999644160994,0.01665184754344859,1.5577111827909131,0.9637165025445528,baseline
274,min024b-c1,psth.fs20-ld-st.fil-ref-psthfr.s_stategain.S_jk.nf20-basic,st.fil,ACTIVE_1,0.03485896272995231,80.8,0.5491999644160994,0.01665184754344859,0.12406803838297145,0.25938768906719933,ACTIVE_1
275,min024b-c1,psth.fs20-ld-st.fil-ref-psthfr.s_stategain.S_jk.nf20-basic,st.fil,PASSIVE_1,-0.13520638668956825,80.8,0.5491999644160994,0.01665184754344859,-0.35897993723882393,-0.03284521723220773,PASSIVE_1
276,min022b-b2,psth.fs20-ld-st.fil-ref-psthfr.s_stategain.S_jk.nf20-basic,st.fil,baseline,,97.7,0.7777093084344203,0.011188470297140582,0.20206327671742508,1.0643163805299174,baseline
277,min022b-b2,psth.fs20-ld-st.fil-ref-psthfr.s_stategain.S_jk.nf20-basic,st.fil,ACTIVE_1,0.19864840684083102,97.7,0.7777093084344203,0.011188470297140582,0.33327388090312593,-0.2435498273956614,ACTIVE_1
278,min022b-b2,psth.fs20-ld-st.fil-ref-psthfr.s_stategain.S_jk.nf20-basic,st.fil,PASSIVE_1,0.006630886698506288,97.7,0.7777093084344203,0.011188470297140582,0.02355290355653527,-0.05313325443281473,PASSIVE_1
279,min022b-a1,psth.fs20-ld-st.fil-ref-psthfr.s_stategain.S_jk.nf20-basic,st.fil,baseline,,83.0,0.8162734002711112,0.006498256545016541,0.15515247462671883,1.0063635319792354,baseline
280,min022b-a1,psth.fs20-ld-st.fil-ref-psthfr.s_stategain.S_jk.nf20-basic,st.fil,ACTIVE_1,0.054790904524449416,83.0,0.8162734002711112,0.006498256545016541,0.2335485246593953,-0.14945660292605767,ACTIVE_1
281,min022b-a1,psth.fs20-ld-st.fil-ref-psthfr.s_stategain.S_jk.nf20-basic,st.fil,PASSIVE_1,0.02636334156635896,83.0,0.8162734002711112,0.006498256545016541,0.007262897487794307,0.05584755684757633,PASSIVE_1
282,min023b-d1,psth.fs20-ld-st.fil-ref-psthfr.s_stategain.S_jk.nf20-basic,st.fil,baseline,,85.6,0.6833281800695346,0.017626965398869324,0.4685764818119377,1.1043182364561335,baseline
283,min023b-d1,psth.fs20-ld-st.fil-ref-psthfr.s_stategain.S_jk.nf20-basic,st.fil,ACTIVE_1,0.29552865904448355,85.6,0.6833281800695346,0.017626965398869324,0.755000512478879,0.17045346645881865,ACTIVE_1
284,min023b-d1,psth.fs20-ld-st.fil-ref-psthfr.s_stategain.S_jk.nf20-basic,st.fil,PASSIVE_1,-0.051249109598563464,85.6,0.6833281800695346,0.017626965398869324,0.05028434632104865,-0.310051611171398,PASSIVE_1
285,min023b-b1,psth.fs20-ld-st.fil-ref-psthfr.s_stategain.S_jk.nf20-basic,st.fil,baseline,,73.6,0.6765259399347955,0.014600739451966169,0.5244279842270446,0.9793325764045282,baseline
286,min023b-b1,psth.fs20-ld-st.fil-ref-psthfr.s_stategain.S_jk.nf20-basic,st.fil,ACTIVE_1,0.08720682560767166,73.6,0.6765259399347955,0.014600739451966169,0.18813975057526963,-0.020742621892859414,ACTIVE_1
287,min023b-b1,psth.fs20-ld-st.fil-ref-psthfr.s_stategain.S_jk.nf20-basic,st.fil,PASSIVE_1,0.08023871919559417,73.6,0.6765259399347955,0.014600739451966169,0.14157938924631291,0.05651574146869683,PASSIVE_1
288,mar036a-c1,psth.fs20-ld-st.fil-ref-psthfr.s_stategain.S_jk.nf20-basic,st.fil,baseline,,82.5,0.6403667008868176,0.011701619701161908,0.9966166600547137,1.1751712377614587,baseline
289,mar036a-c1,psth.fs20-ld-st.fil-ref-psthfr.s_stategain.S_jk.nf20-basic,st.fil,ACTIVE_1,0.005616315067938935,82.5,0.6403667008868176,0.011701619701161908,0.47199485783445205,-0.4363354072146114,ACTIVE_1
290,mar036a-c1,psth.fs20-ld-st.fil-ref-psthfr.s_stategain.S_jk.nf20-basic,st.fil,PASSIVE_1,-0.022560283893962998,82.5,0.6403667008868176,0.011701619701161908,-0.029319873547087733,-0.06599128003689712,PASSIVE_1
291,min021a-d1,psth.fs20-ld-st.fil-ref-psthfr.s_stategain.S_jk.nf20-basic,st.fil,baseline,,93.6,0.776341997299905,0.009921300612634484,0.16231840857905266,0.7688537074288738,baseline
292,min021a-d1,psth.fs20-ld-st.fil-ref-psthfr.s_stategain.S_jk.nf20-basic,st.fil,ACTIVE_1,0.14366795236090732,93.6,0.776341997299905,0.009921300612634484,0.18146276260281383,-0.047205457894075556,ACTIVE_1
293,min021a-d1,psth.fs20-ld-st.fil-ref-psthfr.s_stategain.S_jk.nf20-basic,st.fil,PASSIVE_1,0.19955402930415436,93.6,0.776341997299905,0.009921300612634484,0.05136296359906691,0.4657637298255416,PASSIVE_1
294,min022b-d1,psth.fs20-ld-st.fil-ref-psthfr.s_stategain.S_jk.nf20-basic,st.fil,baseline,,85.4,0.590983923352594,0.017067480493716765,1.5729767698865378,1.2589056668264205,baseline
295,min022b-d1,psth.fs20-ld-st.fil-ref-psthfr.s_stategain.S_jk.nf20-basic,st.fil,ACTIVE_1,-0.11109026610928725,85.4,0.590983923352594,0.017067480493716765,-0.3953794946168125,-0.6130262317967808,ACTIVE_1
296,min022b-d1,psth.fs20-ld-st.fil-ref-psthfr.s_stategain.S_jk.nf20-basic,st.fil,PASSIVE_1,-0.16821289964996883,85.4,0.590983923352594,0.017067480493716765,-0.4584011254607548,-0.3869823678754075,PASSIVE_1
297,mar010b-a1,psth.fs20-ld-st.fil-ref-psthfr.s_stategain.S_jk.nf20-basic,st.fil,baseline,,91.8,0.6205524839333062,0.02641201632119088,0.09628506543586976,1.0803044056388351,baseline
298,mar010b-a1,psth.fs20-ld-st.fil-ref-psthfr.s_stategain.S_jk.nf20-basic,st.fil,ACTIVE_1,0.0742416247891422,91.8,0.6205524839333062,0.02641201632119088,0.11761729287020709,0.2169621658555314,ACTIVE_1
299,mar010b-a1,psth.fs20-ld-st.fil-ref-psthfr.s_stategain.S_jk.nf20-basic,st.fil,PASSIVE_1,-0.03581994310729734,91.8,0.6205524839333062,0.02641201632119088,0.2657070689130354,-0.23955470789426953,PASSIVE_1
300,min021a-a2,psth.fs20-ld-st.fil-ref-psthfr.s_stategain.S_jk.nf20-basic,st.fil,baseline,,99.6,0.6043026279528403,0.029135566677176237,0.22579691647796865,0.7131953827289069,baseline
301,min021a-a2,psth.fs20-ld-st.fil-ref-psthfr.s_stategain.S_jk.nf20-basic,st.fil,ACTIVE_1,0.2630686615381146,99.6,0.6043026279528403,0.029135566677176237,0.189603489101767,0.3300811362273259,ACTIVE_1
302,min021a-a2,psth.fs20-ld-st.fil-ref-psthfr.s_stategain.S_jk.nf20-basic,st.fil,PASSIVE_1,0.24340633212022128,99.6,0.6043026279528403,0.029135566677176237,0.1450819171185075,0.45925245630304284,PASSIVE_1
303,min020a-b1,psth.fs20-ld-st.fil-ref-psthfr.s_stategain.S_jk.nf20-basic,st.fil,baseline,,75.8,0.7699903990901313,0.011448053011167155,0.29843504912866714,0.8999457882223927,baseline
304,min020a-b1,psth.fs20-ld-st.fil-ref-psthfr.s_stategain.S_jk.nf20-basic,st.fil,ACTIVE_1,0.18217689853385147,75.8,0.7699903990901313,0.011448053011167155,0.18922039103642244,0.22199039212484042,ACTIVE_1
305,min020a-b1,psth.fs20-ld-st.fil-ref-psthfr.s_stategain.S_jk.nf20-basic,st.fil,PASSIVE_1,0.021068109119970965,75.8,0.7699903990901313,0.011448053011167155,-0.043419987326424235,0.1741915485098347,PASSIVE_1
306,mar009b-c1,psth.fs20-ld-st.fil-ref-psthfr.s_stategain.S_jk.nf20-basic,st.fil,baseline,,87.4,0.6467903581051818,0.010714779630407612,0.7130811537706976,1.1377697402801348,baseline
307,mar009b-c1,psth.fs20-ld-st.fil-ref-psthfr.s_stategain.S_jk.nf20-basic,st.fil,ACTIVE_1,0.1121356818936014,87.4,0.6467903581051818,0.010714779630407612,0.21095233907397123,-0.13477016693275345,ACTIVE_1
308,mar009b-c1,psth.fs20-ld-st.fil-ref-psthfr.s_stategain.S_jk.nf20-basic,st.fil,PASSIVE_1,-0.09490299770508201,87.4,0.6467903581051818,0.010714779630407612,-0.10366771699706323,-0.26921196915616036,PASSIVE_1
309,mar006a-b1,psth.fs20-ld-st.fil-ref-psthfr.s_stategain.S_jk.nf20-basic,st.fil,baseline,,100.0,0.4677024061719119,0.039108578266711796,0.01242324002461094,0.6991338000349717,baseline
310,mar006a-b1,psth.fs20-ld-st.fil-ref-psthfr.s_stategain.S_jk.nf20-basic,st.fil,ACTIVE_1,0.531881652845165,100.0,0.4677024061719119,0.039108578266711796,0.06573870994529565,0.2717215782380572,ACTIVE_1
311,mar006a-b1,psth.fs20-ld-st.fil-ref-psthfr.s_stategain.S_jk.nf20-basic,st.fil,PASSIVE_1,0.3707943457533756,100.0,0.4677024061719119,0.039108578266711796,0.02175975307646944,0.6478866823856213,PASSIVE_1
312,lim045a-17-1,psth.fs20-ld-st.fil-ref-psthfr.s_stategain.S_jk.nf20-basic,st.fil,baseline,,75.5,0.4437876346319575,0.024112447331716025,0.9805211932053233,1.1051397298858192,baseline
313,lim045a-17-1,psth.fs20-ld-st.fil-ref-psthfr.s_stategain.S_jk.nf20-basic,st.fil,ACTIVE_1,-0.03194120937103249,75.5,0.4437876346319575,0.024112447331716025,-0.061832300947288844,-0.04947678170437746,ACTIVE_1
314,lim045a-17-1,psth.fs20-ld-st.fil-ref-psthfr.s_stategain.S_jk.nf20-basic,st.fil,PASSIVE_1,-0.021225607192474395,75.5,0.4437876346319575,0.024112447331716025,-0.040008837184968025,-0.19359030462259957,PASSIVE_1
315,lim045a-26-1,psth.fs20-ld-st.fil-ref-psthfr.s_stategain.S_jk.nf20-basic,st.fil,baseline,,71.6,0.6008594791456601,0.014267679903535353,0.9588340939156803,1.0651030424464882,baseline
316,lim045a-26-1,psth.fs20-ld-st.fil-ref-psthfr.s_stategain.S_jk.nf20-basic,st.fil,ACTIVE_1,0.15043067682012695,71.6,0.6008594791456601,0.014267679903535353,0.0732968843085023,-0.3793494553280567,ACTIVE_1
317,lim045a-26-1,psth.fs20-ld-st.fil-ref-psthfr.s_stategain.S_jk.nf20-basic,st.fil,PASSIVE_1,0.025507599259062746,71.6,0.6008594791456601,0.014267679903535353,0.03865661831783582,0.016712866398762797,PASSIVE_1
318,ele090c-d2,psth.fs20-ld-st.fil-ref-psthfr.s_stategain.S_jk.nf20-basic,st.fil,baseline,,75.8,0.5615785584738291,0.014996039167495485,0.2871048528516608,0.9905144865598438,baseline
319,ele090c-d2,psth.fs20-ld-st.fil-ref-psthfr.s_stategain.S_jk.nf20-basic,st.fil,ACTIVE_1,-0.23257663604570583,75.8,0.5615785584738291,0.014996039167495485,-0.18646293065538408,0.08995119682931096,ACTIVE_1
320,ele090c-d2,psth.fs20-ld-st.fil-ref-psthfr.s_stategain.S_jk.nf20-basic,st.fil,PASSIVE_1,0.19079323679183458,75.8,0.5615785584738291,0.014996039167495485,0.18304161733522362,0.11763575895064375,PASSIVE_1
321,lim045a-24-1,psth.fs20-ld-st.fil-ref-psthfr.s_stategain.S_jk.nf20-basic,st.fil,baseline,,75.4,0.5984706645651905,0.018548476272476792,0.3269863577359398,1.3293379088444786,baseline
322,lim045a-24-1,psth.fs20-ld-st.fil-ref-psthfr.s_stategain.S_jk.nf20-basic,st.fil,ACTIVE_1,-0.17369913577874535,75.4,0.5984706645651905,0.018548476272476792,-0.08412278180380306,-0.500562083243879,ACTIVE_1
323,lim045a-24-1,psth.fs20-ld-st.fil-ref-psthfr.s_stategain.S_jk.nf20-basic,st.fil,PASSIVE_1,-0.21045485509769113,75.4,0.5984706645651905,0.018548476272476792,-0.11058927496489912,-0.5007136014540154,PASSIVE_1
324,ele086b-b1,psth.fs20-ld-st.fil-ref-psthfr.s_stategain.S_jk.nf20-basic,st.fil,baseline,,83.8,0.5052791042090028,0.016899662937615,0.5119650427236759,0.6854350276046238,baseline
325,ele086b-b1,psth.fs20-ld-st.fil-ref-psthfr.s_stategain.S_jk.nf20-basic,st.fil,ACTIVE_1,0.14353772504872275,83.8,0.5052791042090028,0.016899662937615,0.1370324056245941,0.3528715114660953,ACTIVE_1
326,ele086b-b1,psth.fs20-ld-st.fil-ref-psthfr.s_stategain.S_jk.nf20-basic,st.fil,PASSIVE_1,0.04760488500582371,83.8,0.5052791042090028,0.016899662937615,0.0607108243744617,0.6374926014506059,PASSIVE_1
327,ele086b-b1,psth.fs20-ld-st.fil-ref-psthfr.s_stategain.S_jk.nf20-basic,st.fil,PASSIVE_2,-0.15188772849986412,83.8,0.5052791042090028,0.016899662937615,-0.13348610938629135,-0.0854948554632111,PASSIVE_2
328,ele086b-b1,psth.fs20-ld-st.fil-ref-psthfr.s_stategain.S_jk.nf20-basic,st.fil,ACTIVE_2,0.10870030497934637,83.8,0.5052791042090028,0.016899662937615,0.058674732530133965,0.09887929785001257,ACTIVE_2
329,ele086b-b1,psth.fs20-ld-st.fil-ref-psthfr.s_stategain.S_jk.nf20-basic,st.fil,PASSIVE_3,-0.06618227903685284,83.8,0.5052791042090028,0.016899662937615,-0.05335142265458241,0.5325986898634277,PASSIVE_3
330,ele089b-b1,psth.fs20-ld-st.fil-ref-psthfr.s_stategain.S_jk.nf20-basic,st.fil,baseline,,98.9,0.720689994039259,0.010118422690149504,0.0022240446891857195,0.013861443271628474,baseline
331,ele089b-b1,psth.fs20-ld-st.fil-ref-psthfr.s_stategain.S_jk.nf20-basic,st.fil,ACTIVE_1,0.9852323565603632,98.9,0.720689994039259,0.010118422690149504,0.31275892286183854,0.9392518028821817,ACTIVE_1
332,ele089b-b1,psth.fs20-ld-st.fil-ref-psthfr.s_stategain.S_jk.nf20-basic,st.fil,PASSIVE_1,0.9844288553806549,98.9,0.720689994039259,0.010118422690149504,0.2977557816280705,1.4512615426677111,PASSIVE_1
333,ele089b-b2,psth.fs20-ld-st.fil-ref-psthfr.s_stategain.S_jk.nf20-basic,st.fil,baseline,,89.9,0.6736372525263152,0.016649751469111386,0.339473746135997,0.9956408310191691,baseline
334,ele089b-b2,psth.fs20-ld-st.fil-ref-psthfr.s_stategain.S_jk.nf20-basic,st.fil,ACTIVE_1,0.47056214887274467,89.9,0.6736372525263152,0.016649751469111386,0.6137221104711197,-0.32486956812758194,ACTIVE_1
335,ele089b-b2,psth.fs20-ld-st.fil-ref-psthfr.s_stategain.S_jk.nf20-basic,st.fil,PASSIVE_1,0.4590323984547139,89.9,0.6736372525263152,0.016649751469111386,0.6402392113683608,-0.2505165029622177,PASSIVE_1
336,ele089b-c2,psth.fs20-ld-st.fil-ref-psthfr.s_stategain.S_jk.nf20-basic,st.fil,baseline,,84.2,0.5980030393831839,0.021117564271030155,0.10683627753210637,0.9990493407752081,baseline
337,ele089b-c2,psth.fs20-ld-st.fil-ref-psthfr.s_stategain.S_jk.nf20-basic,st.fil,ACTIVE_1,0.2436004755157643,84.2,0.5980030393831839,0.021117564271030155,0.08180508300106107,0.3552190467563569,ACTIVE_1
338,ele089b-c2,psth.fs20-ld-st.fil-ref-psthfr.s_stategain.S_jk.nf20-basic,st.fil,PASSIVE_1,-0.00680501064014912,84.2,0.5980030393831839,0.021117564271030155,0.008634020869016401,-0.14609456620578895,PASSIVE_1
339,lim045a-15-1,psth.fs20-ld-st.fil-ref-psthfr.s_stategain.S_jk.nf20-basic,st.fil,baseline,,72.3,0.5644325643917065,0.015969122737972918,0.6338561158436208,1.0947684912381397,baseline
340,lim045a-15-1,psth.fs20-ld-st.fil-ref-psthfr.s_stategain.S_jk.nf20-basic,st.fil,ACTIVE_1,0.1329975858180644,72.3,0.5644325643917065,0.015969122737972918,0.1867863734456422,-0.2000174102517404,ACTIVE_1
341,lim045a-15-1,psth.fs20-ld-st.fil-ref-psthfr.s_stategain.S_jk.nf20-basic,st.fil,PASSIVE_1,-0.007114667746032189,72.3,0.5644325643917065,0.015969122737972918,-0.012346777773309864,-0.12756081690533455,PASSIVE_1
342,ele089b-c1,psth.fs20-ld-st.fil-ref-psthfr.s_stategain.S_jk.nf20-basic,st.fil,baseline,,90.9,0.7576972368903998,0.013290507769183337,0.9058931939405189,1.359684574976231,baseline
343,ele089b-c1,psth.fs20-ld-st.fil-ref-psthfr.s_stategain.S_jk.nf20-basic,st.fil,ACTIVE_1,-0.2775944155208495,90.9,0.7576972368903998,0.013290507769183337,-0.4513271739463294,-0.42839547785831494,ACTIVE_1
344,ele089b-c1,psth.fs20-ld-st.fil-ref-psthfr.s_stategain.S_jk.nf20-basic,st.fil,PASSIVE_1,-0.4157420407966466,90.9,0.7576972368903998,0.013290507769183337,-0.5933340479160476,-0.6156355499784296,PASSIVE_1
345,lim027a-16-1,psth.fs20-ld-st.fil-ref-psthfr.s_stategain.S_jk.nf20-basic,st.fil,baseline,,71.1,0.340215393137698,0.017257172404383358,0.24197468923199267,1.0016435347596289,baseline
346,lim027a-16-1,psth.fs20-ld-st.fil-ref-psthfr.s_stategain.S_jk.nf20-basic,st.fil,ACTIVE_1,0.03808266644265149,71.1,0.340215393137698,0.017257172404383358,0.055046825340779225,-0.0712884478337927,ACTIVE_1
347,lim027a-16-1,psth.fs20-ld-st.fil-ref-psthfr.s_stategain.S_jk.nf20-basic,st.fil,PASSIVE_1,-0.05559569494300138,71.1,0.340215393137698,0.017257172404383358,-0.042684230336253154,-0.02759130691332718,PASSIVE_1
348,lim045a-11-1,psth.fs20-ld-st.fil-ref-psthfr.s_stategain.S_jk.nf20-basic,st.fil,baseline,,93.9,0.696139907212108,0.018929667298912323,0.784212778872676,0.9943854912110155,baseline
349,lim045a-11-1,psth.fs20-ld-st.fil-ref-psthfr.s_stategain.S_jk.nf20-basic,st.fil,ACTIVE_1,-0.05066640384966665,93.9,0.696139907212108,0.018929667298912323,-0.08720335932093629,-0.1613524952927224,ACTIVE_1
350,lim045a-11-1,psth.fs20-ld-st.fil-ref-psthfr.s_stategain.S_jk.nf20-basic,st.fil,PASSIVE_1,0.020395404571550927,93.9,0.696139907212108,0.018929667298912323,0.04178649081934648,0.09179615929221202,PASSIVE_1
351,ele087b-c1,psth.fs20-ld-st.fil-ref-psthfr.s_stategain.S_jk.nf20-basic,st.fil,baseline,,98.9,0.5875697764074134,0.019593052521474603,1.359235477163064,0.8300668513455858,baseline
352,ele087b-c1,psth.fs20-ld-st.fil-ref-psthfr.s_stategain.S_jk.nf20-basic,st.fil,ACTIVE_1,0.0001807352512142311,98.9,0.5875697764074134,0.019593052521474603,-0.11962632887031313,0.04069634944591353,ACTIVE_1
353,ele087b-c1,psth.fs20-ld-st.fil-ref-psthfr.s_stategain.S_jk.nf20-basic,st.fil,PASSIVE_1,-0.031407255421157326,98.9,0.5875697764074134,0.019593052521474603,-0.06998168024911072,0.03081284515140903,PASSIVE_1
354,ele085a-c1,psth.fs20-ld-st.fil-ref-psthfr.s_stategain.S_jk.nf20-basic,st.fil,baseline,,82.2,0.33944095121901213,0.020577835240907654,0.5879686948191114,0.6780707115734333,baseline
355,ele085a-c1,psth.fs20-ld-st.fil-ref-psthfr.s_stategain.S_jk.nf20-basic,st.fil,ACTIVE_1,-0.06010132778584777,82.2,0.33944095121901213,0.020577835240907654,-0.08093087967376816,0.025558670223571833,ACTIVE_1
356,ele085a-c1,psth.fs20-ld-st.fil-ref-psthfr.s_stategain.S_jk.nf20-basic,st.fil,PASSIVE_1,0.00790580794845604,82.2,0.33944095121901213,0.020577835240907654,0.02389224973781864,0.06965202102342331,PASSIVE_1
357,ele087a-c2,psth.fs20-ld-st.fil-ref-psthfr.s_stategain.S_jk.nf20-basic,st.fil,baseline,,80.0,0.4330476079436073,0.01314956155664918,1.0469096596759828,0.6941922584565652,baseline
358,ele087a-c2,psth.fs20-ld-st.fil-ref-psthfr.s_stategain.S_jk.nf20-basic,st.fil,ACTIVE_1,0.08906324344376469,80.0,0.4330476079436073,0.01314956155664918,0.0843416543402288,0.047534101506743316,ACTIVE_1
359,ele087a-c2,psth.fs20-ld-st.fil-ref-psthfr.s_stategain.S_jk.nf20-basic,st.fil,PASSIVE_1,-0.021385418641165936,80.0,0.4330476079436073,0.01314956155664918,-0.02411939912116116,0.06322155642954902,PASSIVE_1
360,lim045a-11-2,psth.fs20-ld-st.fil-ref-psthfr.s_stategain.S_jk.nf20-basic,st.fil,baseline,,71.3,0.5134070354366009,0.011110954284546259,0.404911950011424,1.0980909621617188,baseline
361,lim045a-11-2,psth.fs20-ld-st.fil-ref-psthfr.s_stategain.S_jk.nf20-basic,st.fil,ACTIVE_1,-0.08980633336877587,71.3,0.5134070354366009,0.011110954284546259,-0.07012544658883645,-0.15540983383492285,ACTIVE_1
362,lim045a-11-2,psth.fs20-ld-st.fil-ref-psthfr.s_stategain.S_jk.nf20-basic,st.fil,PASSIVE_1,-0.0541448841436628,71.3,0.5134070354366009,0.011110954284546259,-0.041138416767872055,-0.12280549882745076,PASSIVE_1
363,lim045a-10-1,psth.fs20-ld-st.fil-ref-psthfr.s_stategain.S_jk.nf20-basic,st.fil,baseline,,71.5,0.7079685843351465,0.017335843568184656,0.3184520372413222,0.9321664504466352,baseline
364,lim045a-10-1,psth.fs20-ld-st.fil-ref-psthfr.s_stategain.S_jk.nf20-basic,st.fil,ACTIVE_1,0.0627552616524719,71.5,0.7079685843351465,0.017335843568184656,0.10081613538745127,0.007434153872794053,ACTIVE_1
365,lim045a-10-1,psth.fs20-ld-st.fil-ref-psthfr.s_stategain.S_jk.nf20-basic,st.fil,PASSIVE_1,0.046942619194205025,71.5,0.7079685843351465,0.017335843568184656,0.017695912253350855,0.1264799963627898,PASSIVE_1
366,ele088a-b2,psth.fs20-ld-st.fil-ref-psthfr.s_stategain.S_jk.nf20-basic,st.fil,baseline,,98.1,0.6586287056419473,0.04169005444651515,-0.002021740442891857,0.644892548874912,baseline
367,ele088a-b2,psth.fs20-ld-st.fil-ref-psthfr.s_stategain.S_jk.nf20-basic,st.fil,ACTIVE_1,0.6835566943342427,98.1,0.6586287056419473,0.04169005444651515,0.02577477625535126,1.5603687682991285,ACTIVE_1
368,ele086b-c2,psth.fs20-ld-st.fil-ref-psthfr.s_stategain.S_jk.nf20-basic,st.fil,baseline,,82.0,0.6526798133235855,0.015718937801273335,0.4005674126385729,0.39473914117841696,baseline
369,ele086b-c2,psth.fs20-ld-st.fil-ref-psthfr.s_stategain.S_jk.nf20-basic,st.fil,ACTIVE_1,0.24062864980873658,82.0,0.6526798133235855,0.015718937801273335,-0.038226686513048516,1.575724205247506,ACTIVE_1
370,ele086b-c2,psth.fs20-ld-st.fil-ref-psthfr.s_stategain.S_jk.nf20-basic,st.fil,PASSIVE_1,-0.30780597086538936,82.0,0.6526798133235855,0.015718937801273335,-0.38452909312097233,0.7641306485261863,PASSIVE_1
371,ele087a-b1,psth.fs20-ld-st.fil-ref-psthfr.s_stategain.S_jk.nf20-basic,st.fil,baseline,,88.3,0.4567112766940727,0.013803912100884221,1.2696442421191296,0.5068436056635124,baseline
372,ele087a-b1,psth.fs20-ld-st.fil-ref-psthfr.s_stategain.S_jk.nf20-basic,st.fil,ACTIVE_1,0.11640490910587006,88.3,0.4567112766940727,0.013803912100884221,0.20711418311890778,-0.03725760368637841,ACTIVE_1
373,ele087a-b1,psth.fs20-ld-st.fil-ref-psthfr.s_stategain.S_jk.nf20-basic,st.fil,PASSIVE_1,0.17489478306327866,88.3,0.4567112766940727,0.013803912100884221,0.5186532521870679,0.12171249772626538,PASSIVE_1
374,ele081a-a1,psth.fs20-ld-st.fil-ref-psthfr.s_stategain.S_jk.nf20-basic,st.fil,baseline,,87.6,0.7250365641482139,0.012512434908090928,1.2379046849539028,0.8173243272497335,baseline
375,ele081a-a1,psth.fs20-ld-st.fil-ref-psthfr.s_stategain.S_jk.nf20-basic,st.fil,ACTIVE_1,0.31720846894243265,87.6,0.7250365641482139,0.012512434908090928,1.1021537201033085,0.1587335038451264,ACTIVE_1
376,ele081a-a1,psth.fs20-ld-st.fil-ref-psthfr.s_stategain.S_jk.nf20-basic,st.fil,PASSIVE_1,0.2002831310349675,87.6,0.7250365641482139,0.012512434908090928,0.6432074653392618,0.25345589354118603,PASSIVE_1
377,ele073b-c1,psth.fs20-ld-st.fil-ref-psthfr.s_stategain.S_jk.nf20-basic,st.fil,baseline,,95.6,0.5852101115895785,0.011223036964467038,0.4871758939916309,0.8999346552893531,baseline
378,ele073b-c1,psth.fs20-ld-st.fil-ref-psthfr.s_stategain.S_jk.nf20-basic,st.fil,ACTIVE_1,0.1410309539976531,95.6,0.5852101115895785,0.011223036964467038,0.17298710419249302,-0.04379030706959391,ACTIVE_1
379,ele073b-c1,psth.fs20-ld-st.fil-ref-psthfr.s_stategain.S_jk.nf20-basic,st.fil,PASSIVE_1,-0.17742714660904257,95.6,0.5852101115895785,0.011223036964467038,-0.15757795529348226,-0.10437474153989182,PASSIVE_1
380,ele073b-c1,psth.fs20-ld-st.fil-ref-psthfr.s_stategain.S_jk.nf20-basic,st.fil,ACTIVE_2,0.08979000066739125,95.6,0.5852101115895785,0.011223036964467038,0.10876241781980447,0.006729353822057978,ACTIVE_2
381,ele080b-b1,psth.fs20-ld-st.fil-ref-psthfr.s_stategain.S_jk.nf20-basic,st.fil,baseline,,78.6,0.6856020575473211,0.00999160487076205,0.3011653365167372,0.9964862659772248,baseline
382,ele080b-b1,psth.fs20-ld-st.fil-ref-psthfr.s_stategain.S_jk.nf20-basic,st.fil,ACTIVE_1,0.26220081137109724,78.6,0.6856020575473211,0.00999160487076205,0.2750164319991547,-0.13077782297091564,ACTIVE_1
383,ele080b-b1,psth.fs20-ld-st.fil-ref-psthfr.s_stategain.S_jk.nf20-basic,st.fil,PASSIVE_1,0.4455400822631289,78.6,0.6856020575473211,0.00999160487076205,0.6810488162906435,-0.09011527779530135,PASSIVE_1
384,ele073b-d1,psth.fs20-ld-st.fil-ref-psthfr.s_stategain.S_jk.nf20-basic,st.fil,baseline,,99.8,0.375037456604727,0.020038627626488528,0.003514512662478869,1.1646360140256689,baseline
385,ele073b-d1,psth.fs20-ld-st.fil-ref-psthfr.s_stategain.S_jk.nf20-basic,st.fil,ACTIVE_1,-0.45723659843210596,99.8,0.375037456604727,0.020038627626488528,0.003335865747107221,-0.8898139314416236,ACTIVE_1
386,ele073b-d1,psth.fs20-ld-st.fil-ref-psthfr.s_stategain.S_jk.nf20-basic,st.fil,PASSIVE_1,0.07189195455924385,99.8,0.375037456604727,0.020038627626488528,0.01062837247624703,-0.09710906402126246,PASSIVE_1
387,ele066d-b1,psth.fs20-ld-st.fil-ref-psthfr.s_stategain.S_jk.nf20-basic,st.fil,baseline,,95.8,0.698145945583971,0.015624380756779894,0.4381321325555157,0.9211226797616314,baseline
388,ele066d-b1,psth.fs20-ld-st.fil-ref-psthfr.s_stategain.S_jk.nf20-basic,st.fil,ACTIVE_1,0.32900725884021276,95.8,0.698145945583971,0.015624380756779894,-0.06323843833274168,0.008606010454280057,ACTIVE_1
389,ele066d-b1,psth.fs20-ld-st.fil-ref-psthfr.s_stategain.S_jk.nf20-basic,st.fil,PASSIVE_1,0.41492175459620584,95.8,0.698145945583971,0.015624380756779894,0.03358164622528188,0.1885619050545378,PASSIVE_1
390,ele072a-d2,psth.fs20-ld-st.fil-ref-psthfr.s_stategain.S_jk.nf20-basic,st.fil,baseline,,95.6,0.5016773011263287,0.017660489569402273,0.5373436551897275,0.7925981597440537,baseline
391,ele072a-d2,psth.fs20-ld-st.fil-ref-psthfr.s_stategain.S_jk.nf20-basic,st.fil,ACTIVE_1,-0.07217348080691466,95.6,0.5016773011263287,0.017660489569402273,-0.08477211448489486,0.038879884091578,ACTIVE_1
392,ele072a-d2,psth.fs20-ld-st.fil-ref-psthfr.s_stategain.S_jk.nf20-basic,st.fil,PASSIVE_1,0.007661364156480536,95.6,0.5016773011263287,0.017660489569402273,0.00924887659622518,-0.0002736904679087108,PASSIVE_1
393,ele069b-d1,psth.fs20-ld-st.fil-ref-psthfr.s_stategain.S_jk.nf20-basic,st.fil,baseline,,77.7,0.46571418277041576,0.01314391635987089,0.3968111085223596,0.9331007849599686,baseline
394,ele069b-d1,psth.fs20-ld-st.fil-ref-psthfr.s_stategain.S_jk.nf20-basic,st.fil,ACTIVE_1,0.1292741595426724,77.7,0.46571418277041576,0.01314391635987089,0.19391684070886397,-0.08265139958763479,ACTIVE_1
395,ele069b-d1,psth.fs20-ld-st.fil-ref-psthfr.s_stategain.S_jk.nf20-basic,st.fil,PASSIVE_1,0.2583566212781293,77.7,0.46571418277041576,0.01314391635987089,0.4434617051218919,-0.14612803913095165,PASSIVE_1
396,ele069b-c1,psth.fs20-ld-st.fil-ref-psthfr.s_stategain.S_jk.nf20-basic,st.fil,baseline,,80.2,0.45305658082666167,0.02003540389784761,0.4804021950062989,0.8762285600356678,baseline
397,ele069b-c1,psth.fs20-ld-st.fil-ref-psthfr.s_stategain.S_jk.nf20-basic,st.fil,ACTIVE_1,-0.06907617790058207,80.2,0.45305658082666167,0.02003540389784761,-0.06599164277738424,0.016031580511191405,ACTIVE_1
398,ele069b-c1,psth.fs20-ld-st.fil-ref-psthfr.s_stategain.S_jk.nf20-basic,st.fil,PASSIVE_1,-0.10716564018652527,80.2,0.45305658082666167,0.02003540389784761,-0.10328903473739606,0.009259235544205886,PASSIVE_1
399,ele071c-d1,psth.fs20-ld-st.fil-ref-psthfr.s_stategain.S_jk.nf20-basic,st.fil,baseline,,90.0,0.5319599558465831,0.01390824404188487,1.0494510853241619,0.5940718472531776,baseline
400,ele071c-d1,psth.fs20-ld-st.fil-ref-psthfr.s_stategain.S_jk.nf20-basic,st.fil,ACTIVE_1,0.13169753425816078,90.0,0.5319599558465831,0.01390824404188487,0.32703592654514874,-0.02927861818822939,ACTIVE_1
401,ele071c-d1,psth.fs20-ld-st.fil-ref-psthfr.s_stategain.S_jk.nf20-basic,st.fil,PASSIVE_1,0.3313369926645812,90.0,0.5319599558465831,0.01390824404188487,1.070691591377861,-0.06531948902007913,PASSIVE_1
402,ele066b-a1,psth.fs20-ld-st.fil-ref-psthfr.s_stategain.S_jk.nf20-basic,st.fil,baseline,,94.9,0.8219581257735502,0.0077589800588335886,1.8648361291146032,1.0453137906559546,baseline
403,ele066b-a1,psth.fs20-ld-st.fil-ref-psthfr.s_stategain.S_jk.nf20-basic,st.fil,ACTIVE_1,0.061746122705128526,94.9,0.8219581257735502,0.0077589800588335886,-0.41975326081504427,-0.17357265396283353,ACTIVE_1
404,ele066b-a1,psth.fs20-ld-st.fil-ref-psthfr.s_stategain.S_jk.nf20-basic,st.fil,PASSIVE_1,-0.4292316337237466,94.9,0.8219581257735502,0.0077589800588335886,-1.085095543674237,-0.5032907393904509,PASSIVE_1
405,ele026b-b1,psth.fs20-ld-st.fil-ref-psthfr.s_stategain.S_jk.nf20-basic,st.fil,baseline,,82.4,0.6263190227540409,0.01533410879113154,0.39930524432492365,0.6712063702486081,baseline
406,ele026b-b1,psth.fs20-ld-st.fil-ref-psthfr.s_stategain.S_jk.nf20-basic,st.fil,ACTIVE_1,0.2394561020994068,82.4,0.6263190227540409,0.01533410879113154,0.22000736324744402,0.10704461360606085,ACTIVE_1
407,ele026b-b1,psth.fs20-ld-st.fil-ref-psthfr.s_stategain.S_jk.nf20-basic,st.fil,PASSIVE_1,0.49961982933336707,82.4,0.6263190227540409,0.01533410879113154,0.7000852303840771,0.00781394399631872,PASSIVE_1
408,ele061b-b1,psth.fs20-ld-st.fil-ref-psthfr.s_stategain.S_jk.nf20-basic,st.fil,baseline,,77.9,0.4304284666307881,0.014165930122845135,0.5778188819867062,0.8574700437481217,baseline
409,ele061b-b1,psth.fs20-ld-st.fil-ref-psthfr.s_stategain.S_jk.nf20-basic,st.fil,ACTIVE_1,0.16736085387680014,77.9,0.4304284666307881,0.014165930122845135,0.1851211697248556,-0.04214415152781336,ACTIVE_1
410,ele061b-b1,psth.fs20-ld-st.fil-ref-psthfr.s_stategain.S_jk.nf20-basic,st.fil,PASSIVE_1,0.12235081815503279,77.9,0.4304284666307881,0.014165930122845135,0.15722751647448166,-0.09901477352985115,PASSIVE_1
411,ele072a-d1,psth.fs20-ld-st.fil-ref-psthfr.s_stategain.S_jk.nf20-basic,st.fil,baseline,,74.1,0.5244865980507758,0.020059158861519048,0.21931601952475105,0.974118126858075,baseline
412,ele072a-d1,psth.fs20-ld-st.fil-ref-psthfr.s_stategain.S_jk.nf20-basic,st.fil,ACTIVE_1,-0.03160749719050795,74.1,0.5244865980507758,0.020059158861519048,-0.00483022189103191,-0.030860016001158806,ACTIVE_1
413,ele055c-b2,psth.fs20-ld-st.fil-ref-psthfr.s_stategain.S_jk.nf20-basic,st.fil,baseline,,78.2,0.5995892412337296,0.019413612521505814,0.7395944521399411,0.6838959385609474,baseline
414,ele055c-b2,psth.fs20-ld-st.fil-ref-psthfr.s_stategain.S_jk.nf20-basic,st.fil,ACTIVE_1,-0.159883196662351,78.2,0.5995892412337296,0.019413612521505814,-0.18862383463625892,0.06049085196239429,ACTIVE_1
415,ele055c-b2,psth.fs20-ld-st.fil-ref-psthfr.s_stategain.S_jk.nf20-basic,st.fil,PASSIVE_1,-0.5337933301385407,78.2,0.5995892412337296,0.019413612521505814,-0.5319299914927507,-0.6017577127917677,PASSIVE_1
416,ele061c-c2,psth.fs20-ld-st.fil-ref-psthfr.s_stategain.S_jk.nf20-basic,st.fil,baseline,,98.4,0.7798200751894886,0.008498794041595729,0.5362360332078028,0.45219712932003986,baseline
417,ele061c-c2,psth.fs20-ld-st.fil-ref-psthfr.s_stategain.S_jk.nf20-basic,st.fil,ACTIVE_1,0.5907506265232526,98.4,0.7798200751894886,0.008498794041595729,1.323367323092152,0.0026721607280872826,ACTIVE_1
418,ele061c-c2,psth.fs20-ld-st.fil-ref-psthfr.s_stategain.S_jk.nf20-basic,st.fil,PASSIVE_1,0.6179143617642162,98.4,0.7798200751894886,0.008498794041595729,1.5499405577553484,0.09643196015691519,PASSIVE_1
419,ele061c-c1,psth.fs20-ld-st.fil-ref-psthfr.s_stategain.S_jk.nf20-basic,st.fil,baseline,,77.3,0.7574200580004212,0.010277175651555566,1.7355898450638727,0.48543731179990307,baseline
420,ele061c-c1,psth.fs20-ld-st.fil-ref-psthfr.s_stategain.S_jk.nf20-basic,st.fil,ACTIVE_1,-0.4284127655629661,77.3,0.7574200580004212,0.010277175651555566,-1.0387894664629531,0.17395674004916017,ACTIVE_1
421,ele061c-c1,psth.fs20-ld-st.fil-ref-psthfr.s_stategain.S_jk.nf20-basic,st.fil,PASSIVE_1,-0.4420289692453284,77.3,0.7574200580004212,0.010277175651555566,-1.029872525100991,0.13312302845102955,PASSIVE_1
422,ele055c-b1,psth.fs20-ld-st.fil-ref-psthfr.s_stategain.S_jk.nf20-basic,st.fil,baseline,,97.6,0.5371084656694927,0.009057007934596229,0.42882094970363943,0.16028488495237808,baseline
423,ele055c-b1,psth.fs20-ld-st.fil-ref-psthfr.s_stategain.S_jk.nf20-basic,st.fil,ACTIVE_1,0.2021367112642239,97.6,0.5371084656694927,0.009057007934596229,0.25909282517032245,0.561786389689886,ACTIVE_1
424,ele055c-b1,psth.fs20-ld-st.fil-ref-psthfr.s_stategain.S_jk.nf20-basic,st.fil,PASSIVE_1,0.2845636569476865,97.6,0.5371084656694927,0.009057007934596229,0.4110391975240747,0.5988937333107763,PASSIVE_1
425,ele057b-b1,psth.fs20-ld-st.fil-ref-psthfr.s_stategain.S_jk.nf20-basic,st.fil,baseline,,75.5,0.4370871562540496,0.022545570929251864,1.0505336539018415,0.8656673975613014,baseline
426,ele057b-b1,psth.fs20-ld-st.fil-ref-psthfr.s_stategain.S_jk.nf20-basic,st.fil,ACTIVE_1,-0.09217107792134116,75.5,0.4370871562540496,0.022545570929251864,-0.2534662244123827,-0.05135308148179547,ACTIVE_1
427,ele057b-b1,psth.fs20-ld-st.fil-ref-psthfr.s_stategain.S_jk.nf20-basic,st.fil,PASSIVE_1,-0.15514366161893264,75.5,0.4370871562540496,0.022545570929251864,-0.34972884726992887,0.010582755419732056,PASSIVE_1
428,ele056d-c2,psth.fs20-ld-st.fil-ref-psthfr.s_stategain.S_jk.nf20-basic,st.fil,baseline,,74.4,0.4778844622012852,0.02043992027443761,1.12920679255457,0.6710204468973984,baseline
429,ele056d-c2,psth.fs20-ld-st.fil-ref-psthfr.s_stategain.S_jk.nf20-basic,st.fil,ACTIVE_1,-0.0671885386424536,74.4,0.4778844622012852,0.02043992027443761,-0.16474533645681735,-0.04896161496450065,ACTIVE_1
430,ele056d-c2,psth.fs20-ld-st.fil-ref-psthfr.s_stategain.S_jk.nf20-basic,st.fil,PASSIVE_1,-0.016424411242262876,74.4,0.4778844622012852,0.02043992027443761,-0.030272760131222827,0.06794089754440488,PASSIVE_1
431,ele056d-c1,psth.fs20-ld-st.fil-ref-psthfr.s_stategain.S_jk.nf20-basic,st.fil,baseline,,87.3,0.6015179611720215,0.01626446534460653,0.8124343801576461,1.1251236735374992,baseline
432,ele056d-c1,psth.fs20-ld-st.fil-ref-psthfr.s_stategain.S_jk.nf20-basic,st.fil,ACTIVE_1,-0.0010405217234799062,87.3,0.6015179611720215,0.01626446534460653,0.07148240300056018,-0.23209020010660586,ACTIVE_1
433,ele056d-c1,psth.fs20-ld-st.fil-ref-psthfr.s_stategain.S_jk.nf20-basic,st.fil,PASSIVE_1,-0.03885871277462919,87.3,0.6015179611720215,0.01626446534460653,-0.022069489960031614,-0.18700924485142306,PASSIVE_1
434,ele056c-a1,psth.fs20-ld-st.fil-ref-psthfr.s_stategain.S_jk.nf20-basic,st.fil,baseline,,71.2,0.4104318167875034,0.0210604538351601,0.40323846495464855,0.7337962658997671,baseline
435,ele056c-a1,psth.fs20-ld-st.fil-ref-psthfr.s_stategain.S_jk.nf20-basic,st.fil,ACTIVE_1,0.22818768453313523,71.2,0.4104318167875034,0.0210604538351601,0.20532471250351053,0.015864269524983213,ACTIVE_1
436,ele056c-a1,psth.fs20-ld-st.fil-ref-psthfr.s_stategain.S_jk.nf20-basic,st.fil,PASSIVE_1,0.12964643825557415,71.2,0.4104318167875034,0.0210604538351601,0.11945854606367978,0.15132910939406435,PASSIVE_1
437,ele055c-a2,psth.fs20-ld-st.fil-ref-psthfr.s_stategain.S_jk.nf20-basic,st.fil,baseline,,82.4,0.6085566970673073,0.023756305307608135,0.29267724434968506,1.0780308421892377,baseline
438,ele055c-a2,psth.fs20-ld-st.fil-ref-psthfr.s_stategain.S_jk.nf20-basic,st.fil,ACTIVE_0,-0.10765741972919834,82.4,0.6085566970673073,0.023756305307608135,-0.08261825301899127,-0.11971779838976644,ACTIVE_0
439,ele027a-a2,psth.fs20-ld-st.fil-ref-psthfr.s_stategain.S_jk.nf20-basic,st.fil,baseline,,70.4,0.3892766660569519,0.019674837859002408,0.3170673463596168,0.8076379156180661,baseline
440,ele027a-a2,psth.fs20-ld-st.fil-ref-psthfr.s_stategain.S_jk.nf20-basic,st.fil,ACTIVE_1,0.17588098512676825,70.4,0.3892766660569519,0.019674837859002408,0.11041884375038206,0.07990272308737006,ACTIVE_1
441,ele027a-a2,psth.fs20-ld-st.fil-ref-psthfr.s_stategain.S_jk.nf20-basic,st.fil,PASSIVE_1,0.14640279161897657,70.4,0.3892766660569519,0.019674837859002408,0.08474377349483787,-0.05360102593831199,PASSIVE_1
442,ele026b-c1,psth.fs20-ld-st.fil-ref-psthfr.s_stategain.S_jk.nf20-basic,st.fil,baseline,,98.0,0.5357571171500016,0.021523947792499436,0.480509809930048,0.8619348375525048,baseline
443,ele026b-c1,psth.fs20-ld-st.fil-ref-psthfr.s_stategain.S_jk.nf20-basic,st.fil,ACTIVE_1,-0.13491421552600855,98.0,0.5357571171500016,0.021523947792499436,-0.11810368623371197,-0.04674256207090173,ACTIVE_1
444,ele026b-c1,psth.fs20-ld-st.fil-ref-psthfr.s_stategain.S_jk.nf20-basic,st.fil,PASSIVE_1,0.3545270392418609,98.0,0.5357571171500016,0.021523947792499436,0.5175777107528206,-0.07520748070613362,PASSIVE_1
445,ele027a-a1,psth.fs20-ld-st.fil-ref-psthfr.s_stategain.S_jk.nf20-basic,st.fil,baseline,,98.3,0.5732696835656382,0.030375652119062395,0.21177935037342194,1.29806070094816,baseline
446,ele027a-a1,psth.fs20-ld-st.fil-ref-psthfr.s_stategain.S_jk.nf20-basic,st.fil,ACTIVE_1,0.1486669564565278,98.3,0.5732696835656382,0.030375652119062395,0.07278968789565984,-0.3828866113266359,ACTIVE_1
447,ele027a-a1,psth.fs20-ld-st.fil-ref-psthfr.s_stategain.S_jk.nf20-basic,st.fil,PASSIVE_1,-0.2690288814791125,98.3,0.5732696835656382,0.030375652119062395,-0.08942785576019992,-0.5916009179122412,PASSIVE_1
